seller_id,sales_velocity_6m,sales_growth_rate,rto_rate,dispatch_sla_compliance,avg_customer_rating,rating_trend,order_cancellation_rate,ad_spend_roi,account_age_months,total_orders_6m,catalog_size,prior_loan_default,risk_class,loan_limit
SELL_00001,102589.18,18.58,14.09,91.69,3.9,0.091,7.03,2.08,55,5000,255,0,0,51294
SELL_00002,33643.67,10.51,9.5,76.52,4.06,-0.08,11.36,2.46,44,3915,164,0,0,16821
SELL_00003,110536.06,14.06,9.11,90.7,4.09,0.222,9.34,2.18,49,5000,339,0,0,55268
SELL_00004,102461.47,25.89,5.02,89.55,4.71,0.177,5.09,3.67,40,4925,214,0,0,56353
SELL_00005,29538.92,-0.9789351406740714,20.627316432935466,66.42685459703272,2.6994724543912043,-0.035,9.81,1.1568254096638453,11,1447,121,1,2,0
SELL_00006,20281.84,-1.29,10.38,80.92,3.22,0.006,9.88,1.45,3,734,24,0,1,5577
SELL_00007,112315.39,22.57,5.52,92.43,4.15,-0.071,5.93,2.93,59,5000,327,0,0,56157
SELL_00008,76339.37,18.99,8.86,85.76,4.04,-0.147,7.42,2.54,6,1960,67,0,0,38169
SELL_00009,37691.45,11.7,9.54,81.62,3.76,0.107,10.68,1.65,9,1300,66,0,1,10365
SELL_00010,45487.04,15.03,11.75,85.6,3.55,-0.036,9.26,1.93,6,1306,39,0,0,22743
SELL_00011,5000.0,10.17,9.2,78.42,3.46,-0.076,7.95,1.36,9,434,5,0,1,1375
SELL_00012,73539.35,11.84,16.17,77.54,3.14,0.186,10.14,1.75,39,4402,207,0,1,20223
SELL_00013,67140.13,7.08,11.47,84.41,3.62,0.016,9.17,3.15,31,3481,143,0,0,33570
SELL_00014,8767.56,-3.02,17.42,65.09,2.87,-0.261,12.05,1.02,32,1995,100,0,2,876
SELL_00015,5000.0,-1.54,17.91,67.35,2.5,-0.073,12.7,0.71,41,3165,97,0,2,500
SELL_00016,84032.51,18.15,14.52,77.16,3.49,-0.157,10.1,2.2,50,5000,225,0,1,23108
SELL_00017,26932.54,3.71,18.16,78.1,2.9,0.059,11.81,1.72,12,1111,79,0,2,1885
SELL_00018,45749.23,-0.44739626641300934,21.057345234099696,81.48901984389622,3.4032653276421683,0.169,8.81,1.9575448523568781,8,1226,61,1,2,0
SELL_00019,12388.99,-1.97,18.67,75.91,3.09,0.166,10.01,1.49,8,713,5,0,2,867
SELL_00020,27154.98,-13.06,22.58,66.43,3.35,-0.273,14.34,1.51,50,4562,215,0,2,1900
SELL_00021,89878.71,27.28,10.18,87.63,4.23,0.381,5.24,3.84,28,4203,223,0,0,49433
SELL_00022,36428.85,13.652626744135748,16.72488355990985,73.39063883123688,2.5432848299440893,0.056,10.55,1.4703384759178857,20,2177,89,1,2,0
SELL_00023,69581.85,-2.33,12.1,78.52,3.39,-0.191,8.66,1.75,47,4968,215,0,1,19135
SELL_00024,21665.54,7.86,16.98,68.23,2.68,-0.5,13.7,1.38,59,4551,181,0,2,2166
SELL_00025,37385.11,8.5,16.03,81.35,3.45,-0.185,13.89,2.5,7,889,71,0,1,10280
SELL_00026,36530.15,4.25,9.36,84.53,4.24,0.057,7.53,3.05,11,1391,65,0,0,18265
SELL_00027,5000.0,0.58,17.16,69.2,3.19,-0.073,10.98,0.82,20,1214,28,0,2,500
SELL_00028,47986.66,7.14,11.26,80.67,4.17,0.036,6.18,2.08,16,2042,114,0,1,13196
SELL_00029,14450.88,6.56,12.89,83.37,3.53,-0.08,10.45,1.92,4,285,5,0,1,3973
SELL_00030,22235.79,1.645784884848707,14.505760519689463,72.00231356187959,2.887218242457323,-0.054,10.12,1.6010236237317037,6,677,16,1,2,0
SELL_00031,69812.23,8.65,20.56,73.6,3.84,0.082,10.3,1.92,58,5000,227,0,1,13438
SELL_00032,102348.0,22.42,3.9,85.16,4.32,0.007,5.65,3.6,22,3899,194,0,0,56291
SELL_00033,58723.9,6.19,13.1,82.99,3.51,0.039,10.1,2.11,26,2972,98,0,1,16149
SELL_00034,24638.75,3.78,19.72,74.47,2.99,-0.25,12.08,1.66,3,325,34,0,2,1724
SELL_00035,108944.2,17.01,11.72,87.66,4.03,-0.037,11.03,2.76,41,5000,243,0,0,54472
SELL_00036,25339.58,0.39,15.24,77.21,3.42,0.03,13.32,1.46,60,4829,212,0,1,6968
SELL_00037,53938.56,15.09,9.54,79.43,3.64,-0.122,6.64,2.29,42,4673,183,0,0,26969
SELL_00038,5000.0,-8.76,19.36,68.51,2.91,-0.256,10.94,0.5,14,677,5,0,2,350
SELL_00039,5000.0,4.56,10.45,70.43,3.18,0.134,11.05,0.74,11,467,43,0,1,1375
SELL_00040,50855.14,11.0,12.79,79.73,3.76,0.149,9.0,2.58,18,2531,128,0,1,13985
SELL_00041,118448.3,18.54,9.86,88.69,4.59,0.02,5.06,1.91,54,5000,302,0,0,59224
SELL_00042,41633.49,7.66,14.81,83.6,3.96,-0.035,7.25,2.6,12,1157,72,0,1,11449
SELL_00043,26143.13,8.936538560143442,16.16508016937745,66.3363698101993,3.327543165264582,-0.198,9.29,1.3891564503869398,23,2196,44,1,2,0
SELL_00044,28104.37,2.75,13.28,83.09,3.44,0.159,9.39,2.3,12,1241,97,0,1,7728
SELL_00045,5000.0,3.95,18.8,71.73,2.99,-0.026,8.87,1.2,13,992,18,0,2,350
SELL_00046,38202.53,5.13,15.67,80.77,3.43,0.017,13.08,1.64,25,2177,117,0,1,10505
SELL_00047,31554.66,21.99,11.01,75.18,3.52,0.064,11.99,1.41,45,3868,233,0,0,15777
SELL_00048,125507.2,18.77,8.03,84.64,4.14,0.011,3.95,2.68,51,5000,337,0,0,62753
SELL_00049,92660.27,23.03,16.13,85.07,3.34,-0.191,9.02,2.08,58,5000,259,0,0,46330
SELL_00050,5000.0,-2.79,19.09,67.04,2.98,-0.127,11.32,1.11,19,1031,38,0,2,350
SELL_00051,82201.41,11.62,7.26,82.84,4.18,0.172,6.72,3.29,55,5000,297,0,0,45210
SELL_00052,33679.3,9.75,16.77,74.85,3.27,0.195,11.42,1.94,46,4140,177,0,1,9261
SELL_00053,39836.27,7.43,10.9,76.37,3.53,-0.111,12.34,1.45,36,3268,132,0,1,10954
SELL_00054,56475.12,13.73,10.43,85.54,3.85,0.021,9.33,2.49,45,4477,219,0,0,28237
SELL_00055,86257.82,23.13,11.47,88.25,3.91,0.088,7.34,2.82,8,2099,102,0,0,43128
SELL_00056,85930.88,26.73,12.62,86.13,4.39,0.212,9.02,3.48,29,3725,177,0,0,47261
SELL_00057,67650.38,7.74,10.03,78.3,3.15,-0.143,10.28,1.27,55,4964,201,0,1,18603
SELL_00058,42213.6,5.12,15.98,80.74,3.38,-0.045,9.39,1.88,53,4967,205,0,1,11608
SELL_00059,87486.19,12.17,13.26,83.63,4.38,0.164,2.49,3.18,55,5000,283,0,0,48117
SELL_00060,60770.6,18.32,8.58,85.35,4.06,0.023,6.59,2.77,32,3951,230,0,0,30385
SELL_00061,53835.3,13.53,14.15,83.4,3.85,0.151,11.1,2.14,51,4744,251,0,1,14804
SELL_00062,54100.82,4.7,6.47,82.43,3.24,0.073,10.65,2.3,44,4227,186,0,1,14877
SELL_00063,5000.0,1.75,10.33,71.22,2.71,-0.411,11.31,1.16,18,1138,79,0,1,1375
SELL_00064,5000.0,-10.69,20.12,77.42,2.76,-0.221,14.37,1.87,6,400,12,0,2,350
SELL_00065,35503.04,19.84,9.36,90.38,3.84,-0.206,7.22,3.49,18,1852,120,0,0,19526
SELL_00066,89544.1,27.84,8.47,89.81,3.85,0.133,7.8,3.31,19,3167,178,0,0,49249
SELL_00067,55156.43,22.35,13.76,81.51,3.67,-0.083,10.31,1.83,22,2388,99,0,1,15168
SELL_00068,91563.63,26.16,8.7,79.79,4.25,0.246,9.34,2.77,37,4906,208,0,0,45781
SELL_00069,83414.01,12.66,11.05,80.8,3.6,-0.089,9.24,2.52,32,3824,138,0,1,22938
SELL_00070,64666.39,-3.14,16.16,81.5,3.29,-0.019,12.16,1.2,56,4929,216,0,2,6466
SELL_00071,97757.11,18.86,8.31,81.04,3.7,0.129,8.28,2.57,41,4899,214,0,0,48878
SELL_00072,133476.74,25.01,11.25,90.59,4.2,0.223,4.48,4.11,59,5000,366,0,0,73412
SELL_00073,10017.22,10.22,13.86,78.35,2.77,0.167,11.33,1.93,3,268,31,0,2,1001
SELL_00074,103800.29,21.39,5.59,92.31,4.32,0.498,8.29,3.48,28,4134,178,0,0,57090
SELL_00075,5000.0,-13.75,18.81,67.86,2.26,-0.298,14.9,0.5,10,50,5,0,2,350
SELL_00076,106114.72,9.68,10.49,88.61,4.04,0.159,6.61,3.1,51,5000,254,0,0,53057
SELL_00077,44567.38,4.65,12.33,77.96,3.46,-0.122,9.33,1.74,35,3539,129,0,1,12256
SELL_00078,61724.77,1.57,9.81,80.63,3.71,-0.189,11.12,1.82,29,3116,137,0,1,16974
SELL_00079,87736.7,18.36,10.14,88.86,4.42,0.166,8.8,3.25,54,5000,241,0,0,48255
SELL_00080,5000.0,-12.61,17.74,73.07,2.47,-0.103,16.44,0.58,15,644,68,0,2,500
SELL_00081,39445.11,16.48,16.32,81.06,3.92,-0.181,13.28,1.72,33,3217,165,0,1,10847
SELL_00082,56650.97,8.78,12.25,76.42,3.79,-0.153,7.06,2.41,7,1576,68,0,1,15579
SELL_00083,102118.04,37.5,12.38,89.87,4.23,0.08,6.79,2.69,12,2967,114,0,0,51059
SELL_00084,54712.54,-5.1,12.88,85.48,3.43,-0.083,11.16,1.02,49,4400,213,0,1,15045
SELL_00085,22197.4,5.19,14.89,82.42,3.27,-0.158,11.33,1.91,30,2009,154,0,1,6104
SELL_00086,16879.27,5.06,15.22,80.84,3.67,-0.036,11.41,1.85,21,2142,101,0,1,4641
SELL_00087,98720.25,12.99,12.05,84.62,3.78,0.247,6.7,3.08,31,3973,169,0,1,29862
SELL_00088,135483.96,14.1,13.68,84.18,3.87,0.109,8.94,2.95,58,5000,288,0,1,37258
SELL_00089,12781.32,2.83,12.07,81.92,3.69,0.017,7.62,1.97,24,1978,103,0,1,3514
SELL_00090,47203.89,15.97,8.95,88.84,4.08,-0.306,6.6,2.98,20,2120,141,0,0,23601
SELL_00091,74498.15,6.88,12.19,83.83,3.45,-0.23,11.36,2.31,37,3945,173,0,1,20486
SELL_00092,46657.42,20.63,13.92,91.23,3.91,-0.003,8.99,3.47,4,1420,75,0,0,25661
SELL_00093,38474.0,5.03,12.49,77.55,3.51,-0.179,11.31,2.37,28,2961,103,0,1,10580
SELL_00094,67788.64,13.44,12.39,79.62,3.74,0.087,8.86,2.07,44,4516,216,0,1,18641
SELL_00095,26087.64,0.99,15.8,77.81,3.67,-0.179,11.63,1.99,20,1785,85,0,1,7174
SELL_00096,34781.2,-4.43,18.99,74.92,3.24,-0.076,15.11,1.18,60,4872,199,0,2,2434
SELL_00097,56605.98,21.85,13.31,87.78,3.89,-0.082,7.52,2.43,24,2496,114,0,0,28302
SELL_00098,81582.28,8.73,12.12,86.4,3.95,-0.149,5.43,2.31,50,5000,251,0,0,40791
SELL_00099,47032.42,2.04,9.61,77.16,4.14,-0.173,9.52,2.76,49,4537,233,0,0,23516
SELL_00100,65065.08,5.59,12.05,75.93,3.54,0.311,11.65,1.84,51,5000,213,0,1,17892
SELL_00101,23961.64,-12.78,20.29,77.92,3.04,-0.291,13.96,0.84,32,2883,83,0,2,1677
SELL_00102,36352.34,16.49,16.6,80.18,3.26,0.053,13.66,2.14,41,3311,224,0,1,9996
SELL_00103,20195.36,4.57,11.19,80.81,3.22,-0.275,13.56,2.22,36,2998,113,0,1,5553
SELL_00104,61845.47,3.04,17.41,77.96,3.51,0.117,10.38,2.52,58,4960,242,0,1,17007
SELL_00105,78296.74,15.08,16.91,88.04,3.51,0.033,10.11,2.53,53,5000,267,0,0,39148
SELL_00106,55519.0,9.66,11.86,82.64,3.84,0.09,7.19,2.87,34,3501,97,0,0,27759
SELL_00107,118914.87,27.74,7.46,97.78,4.93,0.288,1.87,4.29,36,4930,269,0,0,75213
SELL_00108,46551.32,7.21,14.62,83.98,3.98,0.1,6.55,2.36,2,1093,39,0,1,12801
SELL_00109,48642.27,1.96,9.74,77.14,4.25,0.152,9.42,2.78,15,2058,106,0,0,24321
SELL_00110,62093.63,10.81,18.44,78.25,4.05,-0.099,9.49,2.51,34,3788,154,0,1,11953
SELL_00111,5000.0,-0.95,21.22,68.06,3.42,-0.329,15.11,0.57,36,2273,124,0,2,350
SELL_00112,32469.58,9.89,14.43,86.21,3.63,0.004,14.36,2.15,6,944,62,0,1,8929
SELL_00113,73658.26,17.68,13.01,87.27,3.5,0.11,10.28,2.57,39,4561,191,0,0,36829
SELL_00114,147878.37,28.53,6.72,98.19,4.57,0.286,1.61,4.19,42,5000,274,0,0,93533
SELL_00115,60587.99,-1.3544984711986938,13.021300303597943,64.3051522490655,3.2703214021753175,0.093,11.23,1.587546442295382,51,5000,273,1,2,0
SELL_00116,100349.04,7.66,17.1,80.17,3.9,0.129,6.7,2.84,51,5000,246,0,1,27595
SELL_00117,105654.12,15.2,15.69,86.34,3.81,-0.037,12.59,2.56,58,5000,317,0,0,52827
SELL_00118,15930.29,-2.46,20.42,69.85,3.11,-0.402,8.26,1.91,54,4098,247,0,2,1115
SELL_00119,53507.57,17.69,9.76,88.44,3.97,0.062,5.46,2.86,12,1726,79,0,0,26753
SELL_00120,63183.73,21.19,9.79,95.97,3.95,0.352,8.6,3.47,3,1411,55,0,0,34751
SELL_00121,61121.87,14.55,9.11,84.67,3.82,0.146,9.79,2.99,45,4660,215,0,0,30560
SELL_00122,22418.82,8.32,17.93,71.46,3.25,-0.205,10.16,1.77,18,1178,64,0,2,2241
SELL_00123,110451.52,26.16,6.65,83.35,4.71,0.206,3.43,3.77,40,5000,250,0,0,60748
SELL_00124,15807.96,-4.62,17.88,83.2,2.44,-0.067,13.77,1.11,21,1317,63,0,2,1580
SELL_00125,64404.23,6.61,13.22,86.92,3.45,-0.025,12.1,2.29,15,2960,139,0,1,17711
SELL_00126,130430.37,36.02,4.15,91.67,4.82,0.448,0.36,4.4,33,4960,286,0,0,71736
SELL_00127,33357.88,3.44,18.23,75.3,3.57,-0.045,10.67,0.9,35,2760,154,0,2,2335
SELL_00128,24636.77,6.69,15.0,75.95,3.25,-0.233,11.35,2.52,26,2453,97,0,1,6775
SELL_00129,16828.52,11.82,9.85,75.14,3.09,0.14,8.1,2.25,8,895,46,0,1,4627
SELL_00130,73938.26,4.49,12.37,82.13,3.81,-0.122,8.44,2.35,36,4007,153,0,1,20333
SELL_00131,5000.0,-5.06,21.39,72.83,2.84,-0.213,12.83,1.14,48,3525,170,0,2,350
SELL_00132,20069.74,6.8,10.6,85.23,3.59,-0.144,9.74,2.24,30,2605,148,0,0,10034
SELL_00133,23417.89,8.17,18.56,75.65,3.22,-0.033,11.47,1.11,23,1596,45,0,1,4507
SELL_00134,76336.36,6.7479669009007575,16.27146401586741,73.31551132293663,3.3769677777990297,0.035,11.07,1.8426835112938889,42,4861,233,1,2,0
SELL_00135,27312.8,-1.71,15.73,67.54,3.09,-0.009,12.92,1.7,44,3396,159,0,2,2731
SELL_00136,82629.77,32.44,14.83,94.93,4.05,0.103,6.41,3.69,14,2936,137,0,0,45446
SELL_00137,5000.0,2.243156432512606,14.39568074208981,60.40798908007555,3.0484020873258304,-0.194,12.81,1.4612897994255005,14,1143,53,1,2,0
SELL_00138,5000.0,7.09,11.98,76.74,3.65,-0.151,10.67,1.92,2,112,19,0,1,1375
SELL_00139,88635.67,18.16,9.99,84.77,4.28,0.157,5.95,3.12,55,5000,273,0,0,48749
SELL_00140,9199.79,-6.932939832934966,25.0,60.0,2.177744814722023,-0.25,12.44,0.5,37,2531,96,1,2,0
SELL_00141,28656.68,10.99,12.22,81.03,3.77,-0.003,6.36,2.12,5,990,56,0,1,7880
SELL_00142,121384.0,19.28,9.3,87.23,4.41,0.079,9.7,3.23,38,4643,251,0,0,66761
SELL_00143,20053.33,-0.96,17.66,70.84,2.68,-0.127,15.46,0.69,45,3561,152,0,2,2005
SELL_00144,61953.16,22.49,13.16,76.3,3.85,-0.238,3.49,2.97,41,4288,225,0,1,17037
SELL_00145,82624.89,17.59,10.94,87.27,4.15,0.068,10.77,1.98,54,5000,238,0,0,41312
SELL_00146,95528.0,4.155175470578946,14.775057198596452,81.59417996502381,3.782125473733917,0.354,3.96,2.271296093935803,60,5000,269,1,1,7881
SELL_00147,9701.33,1.32,19.01,71.12,3.01,0.037,13.5,1.39,47,3259,162,0,2,679
SELL_00148,5000.0,-1.15,16.75,71.75,2.98,-0.251,8.26,1.86,14,316,17,0,2,500
SELL_00149,91728.66,19.44,8.08,88.48,4.2,0.137,6.66,2.48,56,5000,262,0,0,45864
SELL_00150,67061.37,8.81,12.23,82.75,3.84,0.081,11.08,2.01,39,4478,203,0,1,18441
SELL_00151,40178.81,12.03,15.3,78.54,4.05,0.25,11.03,2.78,25,2329,127,0,1,11049
SELL_00152,31242.15,17.63,9.79,83.74,3.85,-0.335,8.9,2.56,20,1962,92,0,0,15621
SELL_00153,29080.9,-2.41,15.95,73.57,3.39,0.085,12.47,1.55,2,542,5,0,2,2908
SELL_00154,76568.12,10.99,8.91,80.56,4.0,-0.012,5.51,2.64,39,4409,203,0,0,38284
SELL_00155,26459.88,0.295712808690622,12.828590520078146,74.61659206905676,2.8296915578127004,-0.076,10.01,2.197843950023006,6,1557,82,1,2,0
SELL_00156,22709.2,9.41,18.62,81.93,3.28,-0.201,12.79,1.88,17,1701,85,0,2,1589
SELL_00157,165324.61,38.08,8.74,100.0,4.55,0.029,9.55,3.89,59,5000,351,0,0,100000
SELL_00158,65358.59,3.57,12.04,90.29,4.1,-0.035,6.49,3.19,25,2969,144,0,0,32679
SELL_00159,60827.73,2.0592309771052335,13.542489613281314,61.89327514663846,2.7713467909051257,-0.305,11.98,0.5678887496755736,57,5000,220,1,2,0
SELL_00160,50021.64,18.57177169063219,15.318486810564035,80.58204090247142,3.2887443312234224,0.106,7.78,1.8156873831460456,28,3486,167,1,1,4126
SELL_00161,5000.0,7.14,18.33,78.38,2.75,-0.028,13.65,1.53,2,50,5,0,2,350
SELL_00162,83084.88,15.27,7.46,82.8,3.63,0.056,9.43,2.24,35,4258,178,0,0,41542
SELL_00163,104362.33,21.11,8.3,89.33,4.28,0.364,8.27,3.44,37,4901,225,0,0,57399
SELL_00164,5000.0,-7.72,18.0,74.45,2.98,-0.181,13.64,1.3,5,95,26,0,2,500
SELL_00165,49980.76,5.64,6.15,82.79,4.11,0.069,3.78,2.48,1,1172,81,0,1,13744
SELL_00166,53689.59,11.82,8.06,79.78,3.47,-0.021,3.38,2.6,40,4177,174,0,0,26844
SELL_00167,42922.31,10.399989058192302,11.031386828707397,77.06670174025993,3.709934292304539,0.188,5.73,2.047374147839025,12,2146,113,1,1,3541
SELL_00168,120504.2,30.26,7.39,96.4,4.8,0.333,3.98,3.22,56,5000,293,0,0,76218
SELL_00169,59802.11,13.95,12.34,84.8,3.59,0.045,8.56,1.66,36,3838,168,0,1,16445
SELL_00170,21395.52,21.41,16.86,72.5,3.81,-0.109,9.62,2.39,45,3662,162,0,1,5883
SELL_00171,10265.31,-0.98,15.85,75.45,3.45,-0.308,10.57,1.29,23,1855,129,0,2,1026
SELL_00172,17322.66,-3.99,20.37,79.05,3.25,-0.146,12.49,1.63,47,3725,188,0,2,1212
SELL_00173,74606.1,14.39,10.14,82.14,3.64,0.212,7.32,1.7,31,3690,170,0,0,37303
SELL_00174,65048.28,15.32,13.65,86.83,3.22,0.193,8.9,3.15,11,2103,140,0,0,35776
SELL_00175,5000.0,7.02,9.91,81.92,3.94,0.077,8.18,2.5,10,744,60,0,1,1375
SELL_00176,42195.98,14.255609502290993,17.2943855779611,79.30843207502834,3.3741156511631014,0.042,8.48,2.006858469941988,3,1341,85,1,2,0
SELL_00177,77252.82,7.1,13.85,82.06,3.28,-0.0,11.96,2.45,54,5000,216,0,1,21244
SELL_00178,108559.24,24.28,6.49,93.75,3.93,0.117,9.35,4.12,14,3090,152,0,0,59707
SELL_00179,52746.16,8.09,13.25,78.89,3.68,0.147,8.22,1.86,16,1849,127,0,1,14505
SELL_00180,118418.99,30.0,4.38,98.55,5.0,0.201,0.0,4.22,10,3451,163,0,0,74900
SELL_00181,38671.03,4.68,9.54,79.37,3.93,0.214,7.15,3.64,29,3086,148,0,0,19335
SELL_00182,14874.8,3.2,18.08,73.51,2.92,-0.182,8.63,1.33,10,840,33,0,2,1041
SELL_00183,5274.23,7.91,14.52,74.74,2.72,0.07,17.95,1.07,12,795,86,0,2,527
SELL_00184,75094.74,21.38,16.19,85.3,4.22,0.122,5.83,1.85,30,3792,188,0,0,37547
SELL_00185,47252.12,14.74,15.86,91.38,3.72,-0.139,10.71,2.05,41,4476,162,0,1,12994
SELL_00186,37017.07,10.77,11.98,84.76,3.74,0.039,9.55,2.18,1,857,98,0,1,10179
SELL_00187,39044.69,15.02,19.03,79.33,3.6,0.164,9.01,2.29,5,980,27,0,1,7516
SELL_00188,56576.16,1.7,12.3,88.37,3.74,-0.084,13.41,1.37,20,2022,160,0,1,15558
SELL_00189,5000.0,2.49,17.17,81.23,3.32,-0.098,10.9,2.0,8,221,49,0,1,1375
SELL_00190,30445.41,5.74,18.63,68.28,2.81,-0.259,11.59,0.5,43,3689,185,0,2,2131
SELL_00191,5000.0,13.2,17.0,81.18,3.07,0.21,9.04,0.93,12,1045,18,0,1,1375
SELL_00192,50374.93,29.55,14.67,90.48,3.62,0.392,9.04,2.42,1,822,72,0,1,13853
SELL_00193,86494.26,19.97,13.7,83.94,3.76,0.245,8.28,2.88,57,5000,263,0,1,23785
SELL_00194,5000.0,1.14,19.66,75.83,3.04,-0.168,10.67,0.96,54,4086,170,0,2,350
SELL_00195,39473.07,16.61,10.57,80.51,4.08,-0.04,9.24,2.32,20,2336,84,0,0,19736
SELL_00196,78137.61,19.07,11.49,86.33,3.69,-0.071,9.82,2.67,28,3976,170,0,0,39068
SELL_00197,47605.1,-1.53,20.2,74.73,3.07,0.124,12.23,1.34,57,5000,237,0,2,3332
SELL_00198,78331.4,4.05,14.37,72.34,3.49,0.158,10.9,2.75,43,4817,240,0,1,21541
SELL_00199,66640.38,17.09,13.47,83.13,3.67,0.154,9.26,2.15,37,4142,167,0,1,18326
SELL_00200,22608.74,4.797665738306359,18.82814543273701,60.0,2.2693162571414205,-0.175,11.37,0.5,47,3940,168,1,2,0
SELL_00201,58727.72,19.34,14.28,88.2,3.83,-0.221,9.91,3.41,37,3900,157,0,0,32300
SELL_00202,45869.06,3.45,9.92,80.84,3.48,-0.162,6.52,2.56,12,1873,138,0,1,12613
SELL_00203,97602.23,18.43,6.41,78.69,4.46,0.139,3.82,3.29,37,4863,223,0,0,53681
SELL_00204,107822.32,20.64,9.78,81.25,4.25,0.048,8.7,3.03,49,5000,286,0,0,59302
SELL_00205,35294.61,-12.39,10.45,73.57,3.66,-0.261,11.27,0.5,49,3843,189,0,2,3529
SELL_00206,63006.27,-11.894767042506007,23.056708059722247,69.16771750444536,2.9813406682124675,-0.061,14.85,0.9534113773382624,56,5000,252,1,2,0
SELL_00207,90994.02,12.42637423510254,18.55763180935756,67.04734849274152,2.4856215117343123,0.214,10.48,2.7327491397893287,44,4841,205,1,2,0
SELL_00208,92970.74,18.33,9.76,80.79,4.38,-0.044,6.47,3.28,56,5000,291,0,0,51133
SELL_00209,35477.48,7.98,10.56,85.06,4.0,-0.134,8.74,2.44,28,2570,161,0,0,17738
SELL_00210,200000.0,40.0,2.0,100.0,5.0,0.361,4.95,5.0,47,5000,424,0,0,100000
SELL_00211,58489.08,22.65,9.73,80.59,3.58,-0.088,9.67,2.71,15,1922,91,0,1,16084
SELL_00212,65859.77,18.08,10.08,90.33,4.03,0.225,7.66,3.23,6,1727,128,0,0,36222
SELL_00213,110174.15,19.7,9.19,80.77,4.2,0.114,5.46,3.3,44,5000,252,0,0,60595
SELL_00214,84305.93,14.15,11.11,87.17,4.03,0.36,11.15,2.85,59,5000,299,0,0,42152
SELL_00215,47071.87,-5.657774260820989,19.372389450029285,70.14797866018672,2.3014502491055486,0.072,13.24,1.1879848388304903,20,2345,98,1,2,0
SELL_00216,102469.86,27.01,8.55,88.65,4.78,0.363,5.17,3.12,50,5000,294,0,0,56358
SELL_00217,5000.0,-3.21,15.98,81.34,3.43,-0.303,14.79,1.99,14,739,61,0,2,500
SELL_00218,5000.0,7.43,15.78,84.29,3.51,-0.5,10.19,3.15,2,360,5,0,1,1375
SELL_00219,18643.64,5.1,12.91,86.48,3.66,-0.022,8.5,1.66,9,634,77,0,1,5127
SELL_00220,68616.67,0.4,13.46,82.93,3.88,0.028,7.58,2.41,37,4232,207,0,1,18869
SELL_00221,127840.67,34.35,7.31,100.0,4.47,0.259,5.36,3.92,20,4337,217,0,0,80859
SELL_00222,5000.0,-15.95,15.31,67.02,3.1,-0.21,11.95,0.85,26,1866,31,0,2,500
SELL_00223,72410.1,20.92,12.97,85.3,4.17,-0.086,5.02,3.22,29,3617,149,0,0,39825
SELL_00224,5000.0,-11.77,23.74,71.86,2.62,-0.109,12.8,0.67,1,50,5,0,2,350
SELL_00225,53988.11,10.06,13.82,75.0,3.76,0.054,9.45,1.08,55,4809,242,0,1,14846
SELL_00226,75000.91,17.88,9.2,79.09,4.1,-0.049,5.16,3.5,35,4015,179,0,0,41250
SELL_00227,28982.48,5.92,12.39,85.86,3.61,-0.045,8.23,2.28,6,606,13,0,1,7970
SELL_00228,37421.27,2.51,17.72,71.81,3.35,-0.173,13.57,1.21,37,3386,166,0,2,3742
SELL_00229,55974.45,-3.75,15.88,76.1,3.79,-0.186,11.0,1.51,53,5000,232,0,1,15392
SELL_00230,116852.88,18.86,6.91,92.42,3.94,-0.093,6.48,2.88,59,5000,284,0,0,58426
SELL_00231,5000.0,7.1,13.23,79.91,3.29,-0.086,10.26,1.3,5,249,17,0,1,1375
SELL_00232,39445.55,17.96,12.82,90.26,4.27,0.065,7.78,2.3,33,3708,110,0,0,19722
SELL_00233,61294.54,8.65,12.44,82.76,3.72,-0.086,8.9,1.75,49,4833,250,0,1,16855
SELL_00234,80054.08,4.89,11.95,80.31,3.51,-0.242,10.55,1.42,51,5000,190,0,1,22014
SELL_00235,124296.9,22.41,9.39,93.9,5.0,0.319,5.07,4.35,14,3618,180,0,0,68363
SELL_00236,39912.05,4.580649063068293,14.803761134691808,75.3815920591932,3.6003816182572272,-0.039,7.93,1.5661917693453868,12,1681,41,1,2,0
SELL_00237,11396.29,-16.99,20.01,72.06,2.43,-0.289,15.19,0.87,42,3049,141,0,2,797
SELL_00238,60905.49,15.18,12.37,81.38,3.49,-0.043,11.89,1.81,20,2442,98,0,1,16749
SELL_00239,60289.81,10.77,12.0,80.61,3.64,0.107,14.31,1.79,53,4805,181,0,1,16579
SELL_00240,113886.39,17.79,10.47,84.83,4.24,-0.006,4.35,3.16,50,5000,255,0,0,62637
SELL_00241,10998.88,-4.14,16.51,76.54,3.3,0.164,8.07,1.87,24,1747,79,0,1,3024
SELL_00242,76611.11,12.76,11.2,80.93,4.28,0.099,7.99,2.63,59,5000,288,0,0,38305
SELL_00243,65941.84,10.13,10.71,89.34,3.79,0.334,9.61,2.56,43,4512,211,0,0,32970
SELL_00244,102680.59,24.09,11.78,85.5,4.04,0.204,7.77,2.85,34,4517,234,0,0,51340
SELL_00245,5108.55,10.27,12.68,79.55,2.59,-0.177,15.0,1.28,25,1581,90,0,1,1404
SELL_00246,59860.4,3.01,11.39,76.37,3.89,-0.178,8.82,2.14,50,4669,238,0,0,29930
SELL_00247,27566.45,1.13,15.38,80.23,3.23,-0.11,6.76,1.6,29,2427,126,0,1,7580
SELL_00248,86169.66,-1.68,13.18,75.33,3.76,0.145,7.66,1.92,57,5000,263,0,1,23696
SELL_00249,130176.56,24.959719918776912,9.104787323173394,89.0083049795467,4.3292780176851595,0.205,5.52,2.967031325132031,39,5000,227,1,0,19526
SELL_00250,95830.45,16.5,13.11,81.16,4.42,0.148,9.61,2.47,31,4222,173,0,1,26353
SELL_00251,39663.15,-1.73,15.01,71.57,3.37,-0.12,8.26,1.08,56,4901,193,0,2,3966
SELL_00252,111050.87,20.99,15.06,82.48,4.06,0.148,9.71,3.16,47,5000,289,0,0,61077
SELL_00253,148672.87,26.15,2.0,95.15,4.78,0.298,4.55,3.65,43,5000,324,0,0,94035
SELL_00254,93257.11,10.94,4.36,90.56,4.02,0.198,6.57,3.47,50,5000,271,0,0,51291
SELL_00255,5000.0,-8.46,19.98,74.82,3.01,-0.304,11.77,0.72,23,1427,28,0,2,350
SELL_00256,59754.26,-4.38,12.08,78.52,3.45,-0.099,13.61,0.89,44,4521,197,0,2,5975
SELL_00257,80402.6,16.85,6.56,86.96,4.24,0.198,7.77,3.48,38,4736,191,0,0,44221
SELL_00258,30980.13,5.75,18.14,76.64,3.06,-0.06,12.32,0.5,20,1781,122,0,2,2168
SELL_00259,74577.49,15.64,10.31,83.7,3.89,-0.016,6.58,2.17,23,3189,127,0,0,37288
SELL_00260,84384.04,7.77,12.42,87.66,4.28,0.155,10.14,3.9,45,4845,240,0,0,42192
SELL_00261,67733.96,10.27,14.9,77.17,2.93,-0.227,12.0,1.75,52,4947,183,0,1,18626
SELL_00262,15901.44,7.15,14.49,88.6,3.38,-0.191,10.26,2.46,16,1200,69,0,1,4372
SELL_00263,5000.0,-20.0,21.83,62.71,2.33,-0.345,17.43,0.5,50,2905,118,0,2,350
SELL_00264,34011.65,-0.68,14.77,77.3,2.66,-0.303,10.93,1.11,42,3679,153,0,2,3401
SELL_00265,91597.22,7.06,17.28,80.77,4.12,0.012,9.8,2.66,60,5000,260,0,1,25189
SELL_00266,10562.46,-6.66,19.85,73.21,3.04,-0.443,13.84,1.39,55,4544,174,0,2,739
SELL_00267,127415.6,32.31,6.54,93.21,4.04,0.087,4.6,3.91,8,3207,148,0,0,70078
SELL_00268,25564.84,-8.8,17.05,71.74,3.05,-0.221,13.27,1.73,50,3586,196,0,2,2556
SELL_00269,36898.61,7.43,18.13,79.13,3.44,-0.294,10.47,2.09,21,2581,91,0,2,2582
SELL_00270,57435.83,3.87,10.65,87.42,3.37,-0.04,11.12,1.71,1,1515,70,0,1,15794
SELL_00271,118211.9,25.22,5.56,88.71,4.67,0.351,4.52,3.75,55,5000,305,0,0,65016
SELL_00272,5000.0,-1.64,18.78,74.93,2.99,-0.363,13.34,0.9,8,98,24,0,2,350
SELL_00273,70257.05,22.42,15.33,79.05,3.96,0.088,7.4,2.59,29,4060,151,0,0,35128
SELL_00274,77960.25,12.46,13.31,81.32,3.53,0.257,8.7,2.52,32,3663,167,0,1,21439
SELL_00275,12809.57,-0.65,19.27,74.14,2.87,-0.277,10.47,1.75,38,2969,135,0,2,896
SELL_00276,45130.19,7.57,9.67,85.25,3.42,0.265,7.25,2.41,5,1459,72,0,1,12410
SELL_00277,81568.3,7.36,13.02,82.25,3.92,-0.018,9.32,2.54,47,5000,228,0,1,22431
SELL_00278,36009.07,6.79,14.41,78.96,3.13,-0.057,10.57,0.79,22,2071,97,0,1,9902
SELL_00279,105272.2,6.25,16.66,80.9,4.22,0.202,7.9,2.86,47,5000,236,0,1,28949
SELL_00280,32587.63,-2.4,18.2,81.23,3.51,-0.119,11.37,2.2,34,2967,136,0,2,2281
SELL_00281,47918.96,19.88,19.08,75.82,3.22,0.108,11.55,2.25,1,780,52,0,1,9224
SELL_00282,137857.14,18.63,9.42,86.42,3.79,0.212,10.11,2.2,55,5000,307,0,0,68928
SELL_00283,126636.42,30.83,7.5,87.77,4.75,0.093,3.5,2.98,55,5000,278,0,0,63318
SELL_00284,5000.0,3.59,17.96,79.24,3.05,-0.263,14.26,1.96,26,1790,64,0,1,1375
SELL_00285,109375.33,30.84,4.15,90.99,4.92,0.222,7.6,3.67,43,5000,268,0,0,60156
SELL_00286,5000.0,-9.63,19.84,74.27,2.58,-0.264,14.66,0.56,10,113,5,0,2,350
SELL_00287,40538.71,6.65,15.99,81.04,3.44,-0.18,9.63,1.64,30,3351,132,0,1,11148
SELL_00288,84437.55,26.58,9.22,78.21,4.29,-0.026,6.71,1.88,50,5000,279,0,0,42218
SELL_00289,38899.85,8.84,10.79,80.18,3.5,-0.486,6.71,2.53,18,2013,149,0,1,10697
SELL_00290,5000.0,0.7261370125583246,17.433894587183524,71.71223156526338,3.10898179890479,-0.125,12.41,1.392584086270373,17,1178,75,1,2,0
SELL_00291,52842.52,13.04,10.44,83.92,3.48,0.109,9.7,1.33,26,2743,117,0,1,14531
SELL_00292,34043.0,7.26,16.56,73.84,3.54,-0.309,10.04,2.26,8,1117,62,0,2,3404
SELL_00293,43797.71,11.98,12.33,84.72,3.92,-0.14,11.45,1.65,47,4341,135,0,1,12044
SELL_00294,87475.12,16.85,8.38,87.0,3.98,0.468,8.68,2.46,40,4688,197,0,0,43737
SELL_00295,50742.58,11.512966195188657,18.919718795908864,80.81478170233125,2.9848080886037565,0.039,7.16,1.5111263546910836,49,4745,182,1,2,0
SELL_00296,5000.0,-8.06,15.09,73.0,3.41,0.12,9.74,1.99,12,1089,23,0,2,500
SELL_00297,59390.71,26.25,9.28,85.57,3.77,-0.044,6.03,2.09,27,3018,154,0,0,29695
SELL_00298,59024.8,20.15,13.64,85.51,4.08,0.104,12.32,2.04,8,1606,111,0,1,16231
SELL_00299,42621.87,14.81,8.53,85.62,4.35,-0.08,9.71,3.15,25,2910,93,0,0,23442
SELL_00300,77027.03,12.194188672068847,11.003555772743809,60.0,3.0564067159413852,0.136,9.24,2.461031063010195,46,4868,228,1,1,6354
SELL_00301,5000.0,-0.6976439640605543,24.03351583290246,65.34666087439253,2.269648398546984,0.027,11.21,0.6171787595639866,4,123,28,1,2,0
SELL_00302,13198.47,-2.05,13.15,70.78,3.12,0.024,10.46,2.16,33,2487,149,0,2,1319
SELL_00303,59383.91,16.08,9.51,82.2,3.55,0.038,8.57,2.24,1,1322,100,0,1,16330
SELL_00304,62151.96,8.16,9.08,80.05,4.07,0.114,11.91,2.66,19,2367,134,0,1,17091
SELL_00305,72740.6,18.3,12.66,86.4,4.03,0.04,9.38,2.16,31,3777,162,0,0,36370
SELL_00306,18635.2,14.81,11.78,88.49,3.83,0.114,9.79,2.2,16,1580,52,0,0,9317
SELL_00307,55453.69,19.31,11.64,91.03,4.09,0.135,1.04,3.14,14,2245,112,0,0,30499
SELL_00308,37849.82,2.78,18.72,77.53,3.58,0.069,11.0,1.67,53,4429,173,0,1,7286
SELL_00309,76706.07,15.32,9.78,85.4,3.77,0.281,5.19,2.52,48,5000,258,0,0,38353
SELL_00310,23032.5,-7.589158379780796,13.404854739120795,79.09796722628307,3.1690458642650876,-0.072,8.58,1.504913601988022,5,554,50,1,2,0
SELL_00311,29908.95,6.71,12.16,72.76,3.72,-0.019,9.67,2.5,41,3429,193,0,1,8224
SELL_00312,72139.24,14.17,10.37,84.29,4.32,-0.004,5.61,3.07,26,3702,155,0,0,39676
SELL_00313,59209.83,18.877963414353697,15.010893758222693,84.12970135317538,3.384016519674566,0.15,6.08,2.42864572993732,28,3194,150,1,1,4884
SELL_00314,62604.1,24.46,9.47,91.73,3.83,0.15,6.12,2.88,2,1324,75,0,0,31302
SELL_00315,101728.5,29.2,5.21,92.19,4.52,0.165,5.14,3.52,50,5000,265,0,0,55950
SELL_00316,5000.0,-8.650415656382865,11.186222227471408,63.40644654675156,3.301378015838958,0.023,8.37,1.910539952488212,6,592,29,1,2,0
SELL_00317,49021.52,7.0772688359944045,11.466721845938507,77.66831414303381,3.041345793833246,0.37,7.84,1.5841807549931919,9,2006,80,1,1,4044
SELL_00318,45291.62,11.29,16.86,85.58,3.72,-0.47,9.65,2.25,33,3059,133,0,1,12455
SELL_00319,65286.08,18.47,13.27,86.82,3.67,-0.036,11.11,2.34,41,4314,185,0,1,17953
SELL_00320,26076.58,-2.77,12.2,71.24,4.1,-0.067,4.84,1.85,25,2325,94,0,1,7171
SELL_00321,66601.47,16.55,14.56,83.08,3.68,0.23,9.48,2.58,48,4992,237,0,1,18315
SELL_00322,67573.15,8.68,7.81,87.91,3.99,0.143,7.76,2.54,13,2489,144,0,0,33786
SELL_00323,5000.0,0.78,15.86,75.03,3.22,-0.023,11.1,1.64,9,564,32,0,1,1375
SELL_00324,145132.44,39.54,2.0,95.3,5.0,0.44,2.0,2.98,53,5000,331,0,0,83451
SELL_00325,14856.26,7.43,17.13,73.91,3.17,-0.148,11.51,1.64,13,664,55,0,1,4085
SELL_00326,5000.0,6.49,17.71,71.27,2.98,-0.048,9.19,2.18,31,2213,114,0,2,500
SELL_00327,98047.77,15.77,9.73,94.99,4.39,0.059,6.43,3.22,41,4968,219,0,0,53926
SELL_00328,44956.73,11.67,13.33,87.61,4.07,-0.063,7.91,2.77,11,1915,148,0,1,12363
SELL_00329,47021.94,5.7903965960495904,18.76901249337039,68.97594915495013,3.2363157610040636,0.344,6.43,1.8930835211980162,4,1130,52,1,2,0
SELL_00330,67776.5,15.54,8.39,80.26,3.68,0.131,11.81,2.87,34,3877,207,0,0,33888
SELL_00331,78487.71,13.13,16.16,78.48,3.55,0.095,9.12,2.03,38,3921,194,0,1,21584
SELL_00332,5000.0,8.74,14.89,73.19,3.55,-0.27,11.22,1.8,46,3123,129,0,1,1375
SELL_00333,33526.3,4.71,8.71,83.04,3.12,0.086,12.38,2.78,4,1217,40,0,1,9219
SELL_00334,55387.92,1.58,14.94,79.88,3.32,0.185,15.25,1.96,38,3693,156,0,1,15231
SELL_00335,60917.65,27.39,11.26,89.79,4.28,0.075,4.27,3.0,19,2807,148,0,0,30458
SELL_00336,12145.29,0.48,11.17,78.12,3.44,-0.206,8.61,1.58,6,435,55,0,1,3339
SELL_00337,17949.64,6.65,18.14,80.73,3.84,-0.071,10.44,1.51,34,2916,151,0,1,3455
SELL_00338,21677.41,5.98,12.48,84.98,3.01,-0.194,9.15,1.71,18,1807,88,0,1,5961
SELL_00339,59834.61,16.62,11.0,83.44,3.51,-0.184,10.25,1.91,13,1900,107,0,0,29917
SELL_00340,34894.31,0.37,13.94,74.49,2.87,-0.178,9.58,2.0,41,3422,170,0,1,9595
SELL_00341,5000.0,5.92,10.67,77.47,3.74,-0.173,13.29,1.87,23,1521,63,0,1,1375
SELL_00342,19810.87,7.01,10.2,92.1,3.47,-0.119,10.2,1.89,19,1884,116,0,0,9905
SELL_00343,104653.38,6.67,11.1,79.24,3.34,0.228,11.43,1.56,45,5000,238,0,1,28779
SELL_00344,47783.86,9.21,14.69,76.85,3.17,0.223,9.11,1.98,11,1452,81,0,1,13140
SELL_00345,18627.6,-9.86,7.76,79.4,2.94,0.036,10.25,0.99,1,477,28,0,2,1862
SELL_00346,50645.49,8.98,14.36,85.56,3.57,0.085,10.65,2.37,24,2606,168,0,1,13927
SELL_00347,39513.42,-9.077359580937115,22.562994379594976,60.0,2.3932029033541884,-0.195,14.17,0.5,54,4260,198,1,2,0
SELL_00348,5000.0,1.54,20.32,78.78,3.1,-0.303,12.12,1.36,7,212,23,0,2,350
SELL_00349,24225.17,10.82,11.68,82.86,3.26,0.154,10.84,1.9,25,1809,124,0,1,6661
SELL_00350,35034.35,18.71,13.02,79.02,3.52,-0.035,8.93,1.68,21,2280,99,0,1,9634
SELL_00351,71249.21,22.88,14.72,94.69,3.57,-0.032,8.35,2.74,15,2381,120,0,1,19593
SELL_00352,44526.99,23.18,11.7,95.76,3.79,0.329,4.17,3.15,1,1122,69,0,0,24489
SELL_00353,81667.83,25.7,14.83,91.84,3.48,0.092,5.44,2.75,12,2363,121,0,1,22458
SELL_00354,73864.23,11.47,13.71,85.79,3.63,0.127,11.57,2.09,58,5000,270,0,1,20312
SELL_00355,18585.92,12.89,13.08,86.52,3.55,-0.064,8.97,3.05,7,1008,83,0,1,5622
SELL_00356,5000.0,-3.37,12.6,75.9,3.01,0.032,14.3,1.25,15,924,70,0,2,500
SELL_00357,36316.34,12.44,16.5,81.41,3.14,0.145,11.06,1.36,21,2337,139,0,1,9986
SELL_00358,12382.47,-4.391358193673749,16.339919574069185,62.537011622910526,2.961487068890595,0.164,10.58,1.0895138978850525,19,1791,91,1,2,0
SELL_00359,118138.8,15.45,11.25,81.63,4.35,-0.068,6.31,2.93,60,5000,274,0,0,59069
SELL_00360,28187.27,5.58,15.63,75.79,3.24,-0.112,8.94,1.38,29,2453,106,0,1,7751
SELL_00361,83200.9,28.86,5.65,85.38,3.71,0.354,7.2,2.58,25,3480,157,0,0,41600
SELL_00362,106254.0,27.94,6.13,97.59,4.34,0.147,8.39,3.3,33,4485,178,0,0,67205
SELL_00363,76699.41,10.89,14.78,72.94,3.42,0.109,11.49,0.92,49,5000,254,0,2,7669
SELL_00364,69914.12,9.72,12.05,89.79,3.55,0.392,7.44,2.13,32,3682,175,0,1,19226
SELL_00365,87040.91,23.25,11.67,82.09,4.17,-0.195,6.32,2.8,49,5000,243,0,0,43520
SELL_00366,22732.75,3.91,15.85,79.17,3.74,-0.09,8.06,1.23,35,2675,90,0,1,6251
SELL_00367,52980.76,14.69,10.21,80.45,3.78,0.027,5.52,1.92,44,4176,214,0,1,14569
SELL_00368,75792.2,16.1,12.38,89.49,3.2,-0.268,9.94,1.93,38,4083,177,0,1,20842
SELL_00369,18993.4,17.32,12.26,80.59,3.76,-0.057,12.34,2.16,26,2573,115,0,1,5223
SELL_00370,5000.0,7.12,16.79,79.45,3.72,-0.238,14.16,1.83,11,780,26,0,2,500
SELL_00371,88293.27,5.27,12.41,84.44,3.63,0.132,10.41,2.1,35,4319,170,0,1,24280
SELL_00372,46242.55,3.99,7.22,80.35,3.72,-0.2,6.93,2.71,8,1731,67,0,1,12716
SELL_00373,125444.25,30.09,8.14,90.32,4.16,0.458,2.81,3.08,46,5000,286,0,0,68994
SELL_00374,74791.85,19.93,11.75,92.57,4.12,0.219,8.83,3.09,14,2557,105,0,0,41135
SELL_00375,85474.5,31.85,9.98,91.43,4.35,0.1,4.97,4.5,10,2533,159,0,0,47010
SELL_00376,5000.0,12.43,15.99,80.71,3.42,0.062,10.4,1.7,2,402,36,0,1,1375
SELL_00377,91884.6,15.87,6.66,85.91,3.96,0.194,6.14,2.8,46,5000,247,0,0,45942
SELL_00378,26533.14,13.098979496000894,16.149606195185644,78.31264637441396,3.3378733654610944,0.016,9.98,1.5628680242301405,9,1196,82,1,2,0
SELL_00379,102620.73,27.01,7.48,100.0,4.49,0.155,2.18,4.01,3,2602,136,0,0,64907
SELL_00380,22325.78,12.04,17.24,69.12,3.63,-0.015,11.34,1.54,21,1941,81,0,1,6139
SELL_00381,39344.4,-1.4385998760352319,20.795194968164964,60.012826773600736,2.7388543120811795,-0.082,8.82,1.3593185396817742,26,2187,98,1,2,0
SELL_00382,17931.51,-4.94,13.94,76.65,3.62,-0.175,14.91,1.04,8,645,23,0,2,1793
SELL_00383,5000.0,-11.24,21.74,75.12,2.81,-0.456,13.1,0.5,48,3118,140,0,2,350
SELL_00384,5000.0,15.54,13.37,80.98,3.23,-0.191,12.07,1.87,2,50,9,0,1,1375
SELL_00385,5000.0,5.253691802263257,18.447124305116596,60.0,2.648884517046099,-0.167,8.91,1.0600397202303462,6,353,62,1,2,0
SELL_00386,45511.43,15.1,14.73,85.62,3.51,0.192,8.76,2.13,28,2824,168,0,0,22755
SELL_00387,59631.27,15.84,13.01,80.4,4.05,0.17,9.83,2.42,53,5000,219,0,0,29815
SELL_00388,133368.96,31.12,8.83,96.74,4.32,0.158,6.87,3.27,29,5000,186,0,0,84355
SELL_00389,80920.23,22.27,11.42,89.86,4.09,0.052,8.32,3.14,26,3587,168,0,0,44506
SELL_00390,21463.96,3.61,11.95,74.87,3.58,0.079,10.18,1.94,25,2054,97,0,1,5902
SELL_00391,9053.5,8.53,15.46,76.35,3.55,-0.068,9.8,0.97,12,849,37,0,1,2489
SELL_00392,56554.17,18.23,9.31,89.85,3.79,0.097,5.91,2.89,5,1344,85,0,0,28277
SELL_00393,29026.55,-6.9,16.14,66.51,3.29,-0.264,15.3,0.9,34,2773,121,0,2,2902
SELL_00394,125131.54,32.84,3.87,94.19,4.75,0.201,4.44,3.66,48,5000,302,0,0,68822
SELL_00395,115776.84,24.21,10.23,84.65,4.12,0.142,6.87,3.9,37,4837,261,0,0,63677
SELL_00396,5000.0,2.62,8.93,79.12,3.89,-0.07,12.2,2.58,15,1100,36,0,1,1375
SELL_00397,5000.0,5.94,20.11,73.55,2.81,-0.095,14.83,0.5,44,3222,140,0,2,350
SELL_00398,102947.95,24.6,8.69,98.18,4.31,0.277,5.47,2.83,36,4750,213,0,0,59195
SELL_00399,44703.76,-2.42,17.71,81.21,3.89,-0.152,10.65,1.77,15,2152,121,0,1,12293
SELL_00400,96600.22,21.28,7.95,95.29,4.63,0.074,4.32,3.99,43,5000,196,0,0,61099
SELL_00401,13166.77,1.86,17.43,69.07,3.03,-0.294,10.05,0.65,48,3415,104,0,2,1316
SELL_00402,17310.8,-1.49,16.32,76.42,3.59,0.136,13.31,1.17,23,1960,105,0,2,1731
SELL_00403,38356.21,15.72,12.9,84.38,3.48,0.339,8.34,2.64,6,915,82,0,1,10547
SELL_00404,63540.94,5.57,13.62,83.09,3.63,-0.064,8.54,2.46,46,4487,235,0,1,17473
SELL_00405,95309.65,17.19,17.25,77.99,3.24,-0.079,10.18,2.66,50,5000,191,0,1,26210
SELL_00406,83878.28,13.74,10.0,84.32,4.18,0.201,6.13,3.03,44,5000,268,0,0,46133
SELL_00407,25799.7,-1.36,18.88,80.93,3.52,-0.234,13.71,1.4,59,4935,192,0,2,1805
SELL_00408,81680.23,8.39,9.39,79.99,3.51,0.113,10.42,2.15,43,4617,228,0,1,22462
SELL_00409,58315.41,7.568138509440464,19.979766469420937,72.63987619643443,3.082164068459137,0.011,8.13,1.1632558425009465,45,4667,187,1,2,0
SELL_00410,72356.66,26.8,5.99,81.67,4.5,-0.2,4.62,3.33,21,2973,125,0,0,39796
SELL_00411,76585.71,17.61,13.77,88.95,4.22,-0.11,7.72,3.41,23,2968,166,0,0,42122
SELL_00412,10836.11,-0.52,12.18,84.28,2.98,-0.186,7.37,0.57,43,3236,120,0,2,1083
SELL_00413,21605.82,-6.63,22.28,70.7,3.34,-0.001,13.13,1.41,55,4249,225,0,2,1512
SELL_00414,69109.37,11.91,9.81,98.26,3.93,0.019,9.02,2.74,16,2852,136,0,0,34554
SELL_00415,75923.04,11.61,10.57,83.95,3.16,-0.04,9.27,3.25,47,4885,234,0,0,41757
SELL_00416,53921.89,-2.85,19.9,76.39,3.42,-0.058,13.41,2.21,53,4641,241,0,2,3774
SELL_00417,119300.58,15.05,4.56,87.67,4.89,-0.064,2.17,3.2,60,5000,312,0,0,65615
SELL_00418,46503.38,10.79,11.67,81.9,3.98,0.059,12.67,2.47,15,1803,121,0,1,12788
SELL_00419,82570.7,18.31,15.69,86.05,4.25,-0.09,8.34,3.6,25,3527,218,0,0,45413
SELL_00420,68026.48,20.2,13.97,79.06,3.57,0.093,10.13,1.97,36,3904,160,0,1,18707
SELL_00421,128229.13,25.76,2.0,87.76,4.6,0.126,2.76,3.38,11,3345,190,0,0,70526
SELL_00422,113318.64,31.73,6.71,99.6,4.48,0.069,3.18,3.71,51,5000,260,0,0,71674
SELL_00423,19623.3,10.89,13.22,84.76,3.33,0.011,9.96,1.86,15,1702,89,0,1,5396
SELL_00424,55458.03,26.57,10.21,88.92,4.22,0.236,9.0,2.68,4,1615,54,0,0,27729
SELL_00425,90864.89,16.6,11.14,85.3,3.76,0.134,5.17,3.17,21,2882,163,0,0,49975
SELL_00426,111015.74,32.41,9.75,90.19,4.46,0.195,5.53,2.88,13,2987,158,0,0,55507
SELL_00427,5000.0,-5.374729216602182,14.927864471752933,63.277235405134206,2.534053039532043,-0.083,13.36,0.7614521367385212,22,1509,131,1,2,0
SELL_00428,89245.86,24.79,8.79,81.58,4.42,0.14,8.78,2.98,19,2695,168,0,0,44622
SELL_00429,91537.31,35.41,11.02,91.22,3.74,0.194,8.46,3.09,34,4235,204,0,0,50345
SELL_00430,5000.0,-6.56,17.18,70.4,2.54,-0.27,11.23,1.08,14,629,5,0,2,500
SELL_00431,5000.0,-6.328913455783387,22.533001612493525,70.70387263338068,2.448567130424948,-0.044,14.69,0.5,4,50,12,1,2,0
SELL_00432,5000.0,-10.23,18.25,63.11,2.33,-0.364,15.02,0.5,48,3304,138,0,2,350
SELL_00433,92215.34,19.71,15.03,79.12,3.0,0.131,8.37,1.66,53,5000,270,0,1,25359
SELL_00434,107297.99,34.73,11.06,81.69,3.59,0.203,7.81,2.97,52,5000,212,0,0,53648
SELL_00435,156478.19,32.25,5.71,92.95,4.33,0.5,1.48,3.39,46,5000,328,0,0,86063
SELL_00436,27693.65,0.32,13.07,86.43,3.6,0.086,10.29,2.18,27,2599,154,0,1,7615
SELL_00437,99770.53,13.121671258281703,6.488697753401816,87.61454576676284,3.834613305109195,0.332,4.74,3.2154164979626145,29,4394,190,1,0,16462
SELL_00438,5000.0,4.17,16.25,71.2,3.06,-0.4,10.15,1.32,47,3498,181,0,1,1375
SELL_00439,5000.0,-12.24,18.41,67.27,2.95,-0.063,12.89,0.5,28,1722,106,0,2,350
SELL_00440,20148.82,4.96,9.76,79.99,3.54,0.17,8.05,2.12,35,3109,170,0,1,5540
SELL_00441,39605.64,9.24,13.26,81.51,3.89,0.272,6.88,2.46,8,1189,33,0,1,10891
SELL_00442,38722.28,9.21,13.67,83.53,3.71,0.014,4.69,2.22,16,1796,85,0,1,10648
SELL_00443,5000.0,-6.75,20.95,63.98,2.7,-0.299,11.15,0.5,42,2603,141,0,2,350
SELL_00444,46404.78,-1.73,13.07,74.45,3.77,-0.174,8.79,2.7,36,3762,182,0,2,4640
SELL_00445,10348.74,-19.29282315146446,17.07525232593865,65.2674058951243,2.4565068908367858,-0.306,11.78,0.5,30,2109,93,1,2,0
SELL_00446,56820.48,7.18,11.56,88.92,3.51,0.077,10.0,2.79,18,2705,161,0,0,28410
SELL_00447,25723.02,3.91,13.29,80.09,3.9,-0.219,6.92,3.23,2,718,71,0,1,7073
SELL_00448,25466.76,1.85,13.22,79.76,3.1,-0.228,10.71,1.55,49,3842,208,0,1,7003
SELL_00449,11845.71,-0.5275804069154706,14.991789415993443,66.2693447072613,3.0727750612307827,-0.048,9.4,0.5,13,1113,51,1,2,0
SELL_00450,5000.0,5.86,15.85,81.83,3.12,-0.117,11.58,1.26,4,239,5,0,1,1375
SELL_00451,29669.45,12.31,12.36,78.41,3.58,-0.153,9.61,2.4,26,2490,88,0,1,8159
SELL_00452,86955.69,16.5,10.69,81.3,3.59,-0.07,6.57,2.87,25,3605,161,0,0,43477
SELL_00453,38056.3,3.4,14.85,78.48,3.59,-0.281,12.41,2.17,30,2564,133,0,1,10465
SELL_00454,71608.37,21.94,12.1,86.14,3.69,0.027,12.76,2.22,11,2110,89,0,1,19692
SELL_00455,14395.61,3.11,17.69,79.63,3.46,0.256,8.86,2.26,7,664,47,0,1,3958
SELL_00456,37892.02,-1.894164810164554,21.072873734929182,64.06507505726913,2.475112792159955,0.064,12.05,1.4944531707867803,31,2694,150,1,2,0
SELL_00457,67906.94,4.87,13.51,84.46,3.6,0.019,9.55,2.14,44,4290,211,0,1,18674
SELL_00458,5000.0,-4.86,13.63,73.25,3.13,-0.041,14.01,1.45,10,822,40,0,2,500
SELL_00459,27863.31,9.08,12.9,79.49,3.45,0.086,10.97,1.36,39,3492,129,0,1,7662
SELL_00460,5000.0,-1.36,19.16,72.97,2.96,-0.042,10.99,1.03,13,646,26,0,2,350
SELL_00461,125205.94,40.0,5.62,95.21,4.53,0.19,1.9,4.07,31,4991,275,0,0,79192
SELL_00462,30767.5,5.76,10.5,77.43,3.66,-0.123,10.36,2.16,7,736,62,0,1,8461
SELL_00463,62464.65,10.09,20.11,79.8,3.59,-0.103,8.52,1.71,56,4811,273,0,1,12024
SELL_00464,59554.6,15.01,16.0,85.91,3.85,0.176,10.92,2.8,49,5000,216,0,0,29777
SELL_00465,59676.41,9.55,12.75,81.79,3.81,-0.054,10.36,1.4,42,4267,199,0,1,16411
SELL_00466,44640.0,5.85,11.1,87.25,3.5,-0.192,10.02,2.14,42,3953,179,0,0,22320
SELL_00467,64315.53,19.73,11.86,86.51,4.61,-0.185,4.22,3.62,56,5000,293,0,0,35373
SELL_00468,69481.66,20.79,8.8,90.22,4.39,0.073,8.17,2.8,36,4794,226,0,0,34740
SELL_00469,28821.19,6.41,16.72,79.19,3.55,-0.218,13.63,1.3,20,2046,103,0,2,2882
SELL_00470,29232.91,7.41,14.55,81.86,2.78,-0.135,10.57,1.38,4,376,49,0,2,2923
SELL_00471,30215.66,7.53,17.6,74.22,3.8,0.185,8.11,1.44,54,4354,234,0,1,8309
SELL_00472,5000.0,-20.0,19.34,68.32,2.41,-0.284,15.13,0.5,7,155,5,0,2,350
SELL_00473,18842.03,-2.67,23.94,68.4,2.84,-0.294,14.16,0.86,54,4319,141,0,2,1318
SELL_00474,88344.79,21.74,9.53,90.76,4.03,0.21,4.97,3.39,1,1930,104,0,0,48589
SELL_00475,118822.49,38.78,11.49,93.41,4.24,0.486,7.02,3.47,44,5000,276,0,0,65352
SELL_00476,59032.36,12.76,12.09,83.74,3.79,-0.048,13.37,2.14,56,5000,242,0,1,16233
SELL_00477,104709.59,19.06,7.2,87.42,4.39,-0.284,7.84,3.0,45,5000,228,0,0,52354
SELL_00478,86972.64,17.62,5.87,82.52,4.06,0.135,7.46,2.06,42,4890,209,0,0,43486
SELL_00479,188601.3,35.92,6.49,97.46,5.0,0.421,2.32,4.89,47,5000,335,0,0,100000
SELL_00480,110218.41,18.81,10.01,79.35,3.91,0.148,9.02,3.64,59,5000,297,0,0,60620
SELL_00481,49007.47,7.42,10.63,81.51,3.38,-0.048,10.12,1.64,13,1963,82,0,1,13477
SELL_00482,17685.46,3.57,19.52,80.82,3.11,-0.236,12.75,1.49,55,4401,223,0,2,1237
SELL_00483,5000.0,-7.21,20.62,72.79,3.19,0.034,14.39,1.45,22,1451,34,0,2,350
SELL_00484,80088.61,10.62,15.73,82.88,3.81,-0.251,6.87,1.92,54,5000,244,0,1,22024
SELL_00485,17525.24,-3.58,12.08,78.03,3.31,-0.137,12.06,1.88,21,1762,78,0,2,1752
SELL_00486,5000.0,-2.98,20.48,71.92,3.13,-0.221,10.0,0.95,22,1273,61,0,2,350
SELL_00487,5000.0,4.07,16.59,78.9,2.99,0.05,9.99,1.95,28,2215,112,0,1,1375
SELL_00488,5000.0,-6.2300783836605245,25.0,62.55127553947921,2.4489072450002913,0.056,14.57,0.5,9,763,39,1,2,0
SELL_00489,105449.46,22.59,8.68,88.53,4.64,0.168,6.4,3.67,26,4225,160,0,0,57997
SELL_00490,63581.38,20.46,11.03,86.99,3.8,0.135,6.74,2.25,9,1758,64,0,0,31790
SELL_00491,47222.36,4.06,16.96,81.56,3.14,0.041,13.26,2.21,15,2031,94,0,1,12986
SELL_00492,86021.03,22.83,10.94,98.38,3.99,0.336,3.23,3.51,10,2614,114,0,0,47311
SELL_00493,40827.41,12.47,15.64,79.24,3.58,0.164,8.74,2.44,24,2967,151,0,1,11227
SELL_00494,68980.04,3.01,14.27,76.19,3.44,-0.184,11.74,1.73,58,5000,256,0,1,18969
SELL_00495,118543.77,16.74,7.59,90.11,4.45,0.248,0.0,3.46,57,5000,324,0,0,65199
SELL_00496,93078.71,8.31,7.12,83.44,3.8,0.122,7.65,2.03,42,5000,192,0,0,46539
SELL_00497,5000.0,1.28,14.73,77.83,3.31,-0.142,9.45,1.76,8,378,46,0,1,1375
SELL_00498,40230.89,8.635285530796468,19.86130746896822,76.20712735185451,3.0612356040074857,0.033,7.58,1.0183118145173498,24,2482,123,1,2,0
SELL_00499,11348.44,3.6,17.24,75.46,3.24,-0.102,10.92,1.62,16,1001,21,0,1,3120
SELL_00500,29202.04,2.02,15.04,75.77,2.98,-0.142,9.14,0.95,49,3918,135,0,2,2920
SELL_00501,101714.02,18.81,12.76,79.91,4.42,-0.092,4.83,3.86,26,3889,208,0,0,55942
SELL_00502,112428.55,33.33,14.56,91.88,4.4,0.091,0.9,3.53,27,4393,248,0,0,61835
SELL_00503,6225.85,-0.86,15.13,79.83,3.07,-0.045,12.96,0.8,37,2515,59,0,2,622
SELL_00504,25352.39,9.93,10.53,85.16,4.03,-0.114,7.85,2.08,4,926,34,0,1,6971
SELL_00505,68552.46,9.31,13.28,80.11,3.53,-0.008,9.97,1.75,50,4648,232,0,1,18851
SELL_00506,7944.42,6.28,14.29,76.59,3.46,-0.071,12.42,2.54,24,1661,106,0,1,2184
SELL_00507,23534.95,14.47,16.41,79.48,2.84,0.084,10.78,1.59,19,1837,99,0,1,6472
SELL_00508,15336.86,10.13,13.73,83.35,3.46,-0.006,11.13,1.62,36,2974,137,0,1,4217
SELL_00509,101262.08,12.9,11.93,77.65,3.84,-0.062,7.08,2.68,60,5000,288,0,0,50631
SELL_00510,48953.75,1.29,15.61,85.76,3.46,-0.133,6.5,1.62,39,3239,152,0,1,13462
SELL_00511,41996.37,21.62,13.42,77.44,3.72,-0.265,8.3,2.89,10,1309,69,0,1,11549
SELL_00512,54735.68,13.64,17.1,79.76,3.46,-0.026,9.0,2.64,25,2780,154,0,1,15052
SELL_00513,43838.96,-0.7854008120591676,18.322414165457367,62.38308141582823,2.9777861857389483,-0.219,13.05,1.155857862027514,18,2256,97,1,2,0
SELL_00514,30627.63,-9.66,14.5,75.46,3.24,-0.142,12.86,0.86,19,1676,86,0,2,3062
SELL_00515,39640.38,0.83,17.03,75.14,3.1,-0.165,10.21,1.9,36,3147,154,0,1,10901
SELL_00516,48389.65,11.51,11.28,82.83,4.22,-0.041,7.31,3.02,10,1782,88,0,0,26614
SELL_00517,92731.94,15.77,11.47,80.26,3.53,0.238,10.18,2.09,33,4158,222,0,0,46365
SELL_00518,17430.21,4.76,16.82,78.71,3.56,-0.309,12.32,1.21,55,4091,219,0,1,4793
SELL_00519,87378.08,17.79,11.04,81.64,4.17,-0.133,11.74,2.15,50,5000,225,0,0,43689
SELL_00520,51131.87,25.57,9.91,84.51,3.59,-0.015,6.21,2.76,5,1122,112,0,1,14061
SELL_00521,5000.0,0.48,13.5,73.11,2.95,-0.272,15.35,1.22,47,3830,118,0,2,500
SELL_00522,118074.77,10.45,10.41,79.28,3.94,-0.066,6.94,3.08,49,5000,303,0,0,64941
SELL_00523,26951.76,10.23,10.76,79.25,3.33,-0.133,11.32,1.95,35,2886,139,0,1,7411
SELL_00524,88226.1,27.38,8.83,85.05,4.43,0.114,6.03,2.71,44,5000,197,0,0,44113
SELL_00525,58752.15,14.93,17.28,77.17,3.05,0.009,11.18,2.37,34,3258,183,0,1,16156
SELL_00526,5000.0,-13.47,15.08,73.25,2.78,-0.123,14.3,0.68,33,2388,78,0,2,500
SELL_00527,26483.16,-4.84,16.96,78.81,3.42,-0.482,13.94,0.83,55,4325,190,0,2,2648
SELL_00528,47660.59,16.53,13.22,83.58,3.55,0.063,9.37,1.65,21,2277,133,0,1,13106
SELL_00529,57477.03,6.0,12.05,82.76,3.47,0.097,3.94,2.18,17,2436,137,0,1,15806
SELL_00530,5000.0,-9.33,14.65,71.84,3.27,-0.208,11.33,1.62,22,1591,89,0,2,500
SELL_00531,84308.74,9.83387354032813,14.800708365223096,66.23180629671454,3.928313528224723,0.327,10.19,1.8489832224539589,48,5000,231,1,1,6955
SELL_00532,5000.0,-9.1,19.55,72.54,2.84,-0.036,13.35,0.5,37,2579,117,0,2,350
SELL_00533,18866.5,-1.37,13.15,76.56,3.68,-0.035,12.31,1.97,15,1504,76,0,2,1886
SELL_00534,5000.0,5.94,16.28,64.57,2.79,-0.235,12.43,0.78,35,2671,127,0,2,500
SELL_00535,41663.02,5.85,17.76,76.69,3.02,0.169,8.14,1.21,28,3186,156,0,1,11457
SELL_00536,61059.0,8.31,9.93,83.24,3.45,0.003,8.5,2.62,7,1739,78,0,1,16791
SELL_00537,18648.08,-3.73,17.24,79.81,3.42,-0.09,10.1,0.86,32,2625,128,0,2,1864
SELL_00538,39113.12,2.501217011409871,20.16652317426907,74.38242297138544,3.1693734195475463,-0.035,9.63,1.6368334868607646,11,1289,77,1,2,0
SELL_00539,89542.71,23.62,10.92,91.54,3.71,0.466,4.76,3.13,10,2404,130,0,0,49248
SELL_00540,5000.0,5.59,14.71,82.15,3.47,-0.102,10.57,1.54,9,370,15,0,1,1375
SELL_00541,51135.39,8.13,5.7,81.14,3.99,0.097,6.48,2.79,14,2270,120,0,0,25567
SELL_00542,26619.3,3.15,20.53,74.62,2.84,-0.26,15.03,1.14,13,897,100,0,2,1863
SELL_00543,104109.98,21.61,13.74,87.5,3.69,0.005,5.69,2.83,57,5000,309,0,1,28630
SELL_00544,75427.38,21.24,6.0,90.83,4.33,0.018,6.01,4.02,25,3697,175,0,0,41485
SELL_00545,5000.0,-5.29,22.5,66.55,2.72,-0.418,16.1,0.5,2,50,5,0,2,350
SELL_00546,31872.52,-1.89,15.97,77.33,3.33,-0.367,12.75,1.17,35,2940,122,0,2,3187
SELL_00547,43017.75,22.51,10.26,86.44,3.56,0.201,7.45,2.23,7,1138,102,0,0,21508
SELL_00548,5000.0,7.42,17.41,80.47,3.05,-0.001,10.79,1.87,21,1935,146,0,1,1375
SELL_00549,52198.45,10.6,10.29,80.84,4.14,0.08,8.6,2.44,18,2167,131,0,1,14354
SELL_00550,5000.0,1.51,18.15,71.56,3.5,-0.08,7.31,1.99,3,50,21,0,2,350
SELL_00551,64803.14,17.93,13.89,81.7,3.82,0.021,8.19,2.04,42,3999,190,0,0,32401
SELL_00552,91991.32,12.78,15.18,81.3,4.07,0.224,8.96,1.86,54,5000,248,0,1,25297
SELL_00553,97997.39,26.11,10.61,89.19,4.28,0.025,6.3,2.9,39,4873,212,0,0,48998
SELL_00554,63754.58,19.67,13.66,87.34,3.69,0.072,8.81,2.43,41,4349,155,0,1,17532
SELL_00555,109273.12,13.01,12.13,88.55,4.04,0.081,8.95,2.93,49,5000,280,0,0,54636
SELL_00556,12858.24,6.11,12.97,79.11,3.16,0.122,14.51,1.74,11,1096,32,0,1,3536
SELL_00557,74357.66,6.47,15.03,78.69,3.23,0.007,9.51,1.5,39,3721,158,0,1,20448
SELL_00558,16480.42,11.47,16.44,81.7,3.62,0.021,10.88,1.47,24,2019,125,0,1,4532
SELL_00559,91099.09,13.42,13.03,86.07,4.19,-0.141,10.39,3.22,60,5000,321,0,0,50104
SELL_00560,64434.76,8.14,15.98,77.7,3.22,-0.172,6.98,1.07,46,4531,203,0,1,17719
SELL_00561,62809.07,27.23,7.41,86.37,3.42,-0.14,9.45,2.25,19,2580,87,0,0,31404
SELL_00562,94123.1,37.02,6.27,93.87,4.34,-0.122,0.88,4.15,4,2512,121,0,0,51767
SELL_00563,59368.8,11.73,9.77,86.73,3.84,0.164,11.62,2.78,26,3496,151,0,0,29684
SELL_00564,75264.26,14.57,11.07,81.78,3.66,-0.078,10.9,1.74,38,4040,168,0,1,20697
SELL_00565,102144.81,26.85,11.37,88.0,4.26,0.204,6.86,3.43,42,5000,276,0,0,56179
SELL_00566,29383.93,-0.4,8.8,79.93,3.77,-0.044,6.15,1.51,32,2990,78,0,1,8080
SELL_00567,7259.16,-8.6,21.4,70.96,2.86,-0.209,13.24,0.5,39,2561,94,0,2,508
SELL_00568,22423.76,-8.344432495964789,24.16187498420591,73.46260354703541,2.514776655869012,0.08,10.88,0.534931521355825,45,3886,157,1,2,0
SELL_00569,5000.0,-20.0,19.02,73.77,2.42,-0.223,17.97,0.5,46,3073,107,0,2,350
SELL_00570,41406.85,6.38,13.84,80.96,3.57,0.058,11.48,1.98,36,3224,174,0,1,11386
SELL_00571,67733.73,8.5,15.95,71.68,3.28,-0.043,6.32,2.05,40,4250,155,0,1,18626
SELL_00572,125813.15,21.1,5.98,93.03,4.28,0.325,6.05,3.66,37,5000,212,0,0,69197
SELL_00573,72679.07,14.19,13.89,85.55,3.63,-0.147,5.58,2.33,33,3734,196,0,1,19986
SELL_00574,88268.72,-2.06,11.58,83.09,3.45,-0.302,6.64,2.2,36,4072,202,0,1,24273
SELL_00575,54464.64,17.61,8.04,83.15,3.56,0.416,8.58,2.47,3,1349,73,0,1,14977
SELL_00576,5000.0,-9.35,21.21,60.24,2.37,0.01,16.67,0.58,9,50,5,0,2,350
SELL_00577,27660.34,15.34,11.95,86.64,3.93,-0.264,9.33,1.96,8,949,53,0,0,13830
SELL_00578,123777.98,10.74,5.82,81.73,4.3,0.087,10.66,3.4,33,4959,218,0,0,68077
SELL_00579,53837.32,11.7,20.47,78.02,3.51,-0.155,13.08,1.94,59,5000,209,0,1,10363
SELL_00580,65924.23,30.98,8.53,86.55,4.05,0.246,6.79,3.16,6,1984,97,0,0,36258
SELL_00581,98730.51,11.01,13.04,79.92,3.93,0.302,5.77,3.14,41,4754,215,0,0,54301
SELL_00582,67377.51,16.81,17.85,80.91,3.8,-0.209,11.59,2.68,39,3995,168,0,1,18528
SELL_00583,81365.16,22.27,12.38,88.26,3.44,-0.075,4.9,2.45,4,1773,109,0,1,22375
SELL_00584,73037.53,22.549952071464112,12.659176053099445,92.72261056662785,4.4087747360776675,0.272,7.35,3.2386444373088983,13,3166,154,1,1,6628
SELL_00585,83086.93,9.97,9.66,85.1,4.15,-0.123,10.0,2.15,49,5000,211,0,0,41543
SELL_00586,90590.0,4.394029051122253,18.675075179564903,69.57197907501504,2.897098038638206,-0.377,14.26,1.45912062513843,60,5000,245,1,2,0
SELL_00587,12082.08,21.89,12.11,73.14,3.65,-0.089,10.92,1.97,2,423,6,0,1,3322
SELL_00588,49029.09,11.81,13.3,75.34,3.93,0.027,12.42,1.03,60,5000,208,0,1,13482
SELL_00589,61475.56,16.5,6.65,82.4,4.09,0.097,6.48,3.24,5,1628,88,0,0,33811
SELL_00590,55845.01,3.25,16.09,78.59,3.48,-0.009,11.05,1.61,44,4303,172,0,1,15357
SELL_00591,53131.26,6.711381798257394,18.024163631989197,80.27535647852355,2.8579021887891845,0.081,7.29,2.0257445398387808,27,2863,113,1,2,0
SELL_00592,44562.16,11.23,16.05,79.82,3.71,-0.211,7.21,1.81,32,3153,153,0,1,12254
SELL_00593,86815.21,10.43,8.38,84.87,3.56,0.068,8.75,2.77,21,3475,171,0,1,23874
SELL_00594,50611.95,14.99,12.93,82.76,3.78,-0.189,8.3,2.57,8,1683,84,0,1,13918
SELL_00595,88392.03,17.4,10.53,92.15,4.27,0.048,4.25,3.31,38,4734,159,0,0,48615
SELL_00596,53005.15,7.48,17.58,71.62,2.49,-0.054,9.83,1.85,8,1237,91,0,2,5300
SELL_00597,60985.92,8.6,11.65,75.56,3.73,-0.033,9.73,1.52,50,4712,237,0,1,16771
SELL_00598,5000.0,6.53,9.09,83.43,3.73,-0.311,8.9,1.25,3,50,51,0,1,1375
SELL_00599,68728.12,6.27,16.8,74.31,3.05,-0.217,11.54,2.63,54,5000,255,0,1,18900
SELL_00600,90900.66,16.27,11.37,86.39,3.88,0.089,6.07,2.61,44,5000,253,0,0,45450
SELL_00601,118997.65,8.74,11.85,89.49,3.64,0.215,8.23,2.04,58,5000,297,0,0,59498
SELL_00602,5000.0,2.81,16.25,68.76,2.88,-0.142,9.69,0.63,3,105,5,0,2,500
SELL_00603,88566.94,8.124020890797183,16.11378434950302,71.47621062961527,2.9213179625197245,0.066,5.34,1.8488007755462643,22,3371,162,1,2,0
SELL_00604,108960.2,15.19,10.68,95.19,4.18,0.302,1.15,3.09,6,2757,90,0,0,59928
SELL_00605,53608.59,20.76,6.99,80.59,3.89,-0.066,7.78,2.23,2,1164,65,0,1,14742
SELL_00606,109329.62,28.23,9.82,89.48,4.56,0.484,7.28,4.5,23,4038,131,0,0,60131
SELL_00607,37712.3,-8.77,15.27,75.27,3.14,-0.295,14.17,1.35,44,3745,176,0,2,3771
SELL_00608,5000.0,-6.41,21.48,70.65,2.8,0.008,13.38,1.4,2,50,21,0,2,350
SELL_00609,5000.0,-9.739161017376874,21.064225297458293,68.39393563893539,2.5798132674474035,-0.133,9.6,0.5,38,2511,113,1,2,0
SELL_00610,94870.9,24.92,7.01,86.25,4.03,0.5,7.46,3.24,17,3276,201,0,0,52178
SELL_00611,39903.57,4.835517783985635,16.587546226996206,66.9077250103433,3.1953109495640364,-0.09,8.37,1.5966591209358332,35,3579,189,1,2,0
SELL_00612,68313.62,-9.22,14.5,86.29,3.59,-0.357,8.59,2.45,34,3653,188,0,1,18786
SELL_00613,44006.96,9.13,11.86,79.15,3.5,0.221,11.25,1.41,23,2389,111,0,1,12101
SELL_00614,5000.0,5.67,17.87,72.24,3.25,-0.356,13.18,1.64,30,2240,129,0,2,500
SELL_00615,163356.91,40.0,3.92,99.99,5.0,0.386,6.63,4.37,52,5000,341,0,0,100000
SELL_00616,22401.05,6.51,11.89,83.06,4.25,0.193,5.43,2.71,8,1372,61,0,0,11200
SELL_00617,38996.51,22.12,18.21,87.11,3.74,0.07,6.24,2.3,22,2171,58,0,1,7506
SELL_00618,100758.56,9.14,11.26,89.74,4.21,0.122,4.78,2.38,44,5000,228,0,0,50379
SELL_00619,87997.72,11.39,12.6,83.07,3.86,0.118,7.44,2.76,58,5000,286,0,1,24199
SELL_00620,67787.88,18.53,8.78,87.43,3.65,0.152,11.95,2.69,36,4383,203,0,0,33893
SELL_00621,12711.57,6.72,18.63,77.93,3.49,-0.007,9.75,1.4,5,463,57,0,2,889
SELL_00622,43431.08,13.89,14.42,82.44,3.71,-0.126,7.0,2.81,13,1897,151,0,1,11943
SELL_00623,128272.73,22.76,5.24,94.45,4.51,0.5,5.26,3.89,29,4792,252,0,0,70550
SELL_00624,75420.22,15.8,10.9,84.83,4.57,0.169,7.11,3.59,31,3874,193,0,0,41481
SELL_00625,131815.42,22.98,8.77,94.89,4.38,0.269,0.68,3.19,47,5000,274,0,0,72498
SELL_00626,59692.15,0.42,14.0,81.75,3.93,0.045,11.99,2.43,57,5000,256,0,1,16415
SELL_00627,24461.74,2.09,19.0,76.54,3.47,0.055,10.1,1.57,55,4202,223,0,1,4708
SELL_00628,35405.72,0.08008544248441041,15.009361086142341,64.31584839559503,3.032687608660292,0.143,9.28,1.6622665346654775,16,1975,129,1,2,0
SELL_00629,73828.0,5.17,11.2,86.95,3.57,0.026,12.04,2.05,42,4131,262,0,1,20302
SELL_00630,120882.6,20.67,9.88,90.31,4.27,0.141,5.85,3.54,30,4477,250,0,0,66485
SELL_00631,32037.95,-19.83,19.67,71.75,2.92,-0.142,10.42,0.62,57,4323,227,0,2,2242
SELL_00632,119894.6,28.27,10.22,90.45,4.58,0.349,2.1,3.19,55,5000,324,0,0,65942
SELL_00633,66035.8,14.34,13.3,78.91,3.48,-0.186,9.68,2.74,16,2260,121,0,1,18159
SELL_00634,39225.33,1.08,12.03,78.06,3.61,0.045,9.45,0.94,12,1617,102,0,1,10786
SELL_00635,5000.0,-4.57,22.67,79.0,3.12,-0.254,12.0,2.52,17,1374,53,0,2,350
SELL_00636,5000.0,-3.44,14.91,70.0,3.34,0.079,12.1,1.22,16,674,14,0,2,500
SELL_00637,51960.36,17.82,10.79,85.84,3.86,0.154,9.8,2.71,12,1893,91,0,0,25980
SELL_00638,24275.25,14.44,15.11,81.93,3.44,-0.054,9.37,2.31,8,1836,43,0,1,6675
SELL_00639,5000.0,-6.73,19.94,73.86,3.11,-0.09,8.92,1.41,20,1238,23,0,2,350
SELL_00640,5000.0,-6.07,15.52,71.76,3.2,-0.154,13.98,1.02,3,50,5,0,2,500
SELL_00641,32454.11,5.61,9.1,79.3,3.7,-0.064,13.64,2.79,16,1522,55,0,1,8924
SELL_00642,81803.53,13.297014310050464,8.48229060901309,87.11979230213713,3.8652233133568017,-0.071,5.24,3.6426211526146424,30,4078,197,1,0,13497
SELL_00643,65887.79,7.76,15.77,76.82,3.69,-0.185,10.16,3.12,45,4431,217,0,1,18119
SELL_00644,5000.0,-10.07,19.32,72.32,3.02,-0.201,11.42,0.5,23,1417,66,0,2,350
SELL_00645,84526.08,12.77,15.9,88.25,3.26,-0.283,9.69,1.99,28,3429,142,0,1,23244
SELL_00646,73402.33,3.88,15.13,80.11,3.89,-0.121,10.48,1.52,51,5000,257,0,1,20185
SELL_00647,5000.0,-11.81,25.0,62.1,2.17,-0.399,18.65,0.5,40,2274,103,0,2,350
SELL_00648,85548.16,20.58,11.48,77.48,3.48,-0.123,10.42,1.98,54,5000,281,0,0,42774
SELL_00649,19598.11,9.7,10.94,75.55,3.43,0.088,13.58,1.84,5,648,42,0,1,5389
SELL_00650,47069.57,16.98,11.94,92.69,3.83,-0.048,7.81,2.88,20,2614,178,0,0,23534
SELL_00651,135348.47,21.38,4.16,97.13,4.73,0.235,1.98,3.77,40,5000,272,0,0,85607
SELL_00652,114255.75,31.06,5.93,83.6,4.4,0.082,3.88,3.53,56,5000,303,0,0,62840
SELL_00653,65627.41,15.82,16.79,81.24,3.63,-0.05,12.25,2.13,44,4026,231,0,1,18047
SELL_00654,5000.0,-1.54,17.8,80.26,2.73,0.108,14.55,1.8,1,50,5,0,2,500
SELL_00655,165675.28,26.5194015495821,9.067394306021939,89.31632393159178,4.257818027279417,0.336,0.0,3.979931051311195,57,5000,411,1,0,27336
SELL_00656,65913.7,1.6162402940256717,18.534203360760305,69.69339301028076,3.2253834107128423,0.063,8.67,0.8503021026901911,30,3615,145,1,2,0
SELL_00657,52975.08,21.5,12.69,91.05,3.67,-0.113,8.82,2.15,21,2545,84,0,1,14568
SELL_00658,51918.35,15.11,16.38,74.23,3.48,0.091,7.97,2.1,20,2506,125,0,1,14277
SELL_00659,5790.16,5.32,8.59,93.72,3.75,0.111,5.88,2.54,6,566,52,0,0,2895
SELL_00660,59136.94,16.4,9.78,81.37,3.46,0.056,8.19,2.47,22,2501,162,0,0,29568
SELL_00661,5000.0,11.7,12.43,83.72,3.44,-0.25,8.71,1.84,18,1881,68,0,1,1375
SELL_00662,5000.0,3.75,15.36,73.92,3.49,-0.153,7.73,2.0,8,716,47,0,1,1375
SELL_00663,64414.54,8.89,17.77,78.9,3.55,0.211,11.06,1.69,39,3841,149,0,1,17713
SELL_00664,50278.36,0.21,17.2,74.42,3.22,-0.168,11.39,1.5,32,2804,156,0,1,13826
SELL_00665,32533.37,8.17,16.57,77.32,3.46,0.15,9.95,0.87,33,2821,114,0,1,8946
SELL_00666,103104.3,11.44,12.81,83.87,3.48,-0.069,5.07,2.4,53,5000,263,0,1,28353
SELL_00667,35275.8,-3.6136310611748925,13.658956117759153,73.17286631990022,3.113228926646733,-0.008,9.02,1.5218387118578658,16,1742,73,1,2,0
SELL_00668,43814.54,22.15,9.67,84.18,4.24,0.152,6.55,2.9,12,1623,86,0,0,21907
SELL_00669,5000.0,-17.87,25.0,66.72,2.47,-0.445,14.47,0.5,38,2284,79,0,2,350
SELL_00670,112413.54,31.52,8.59,92.13,4.39,0.006,3.85,3.14,52,5000,283,0,0,61827
SELL_00671,103021.0,28.93,7.46,93.81,4.35,0.044,5.64,3.95,34,4156,237,0,0,56661
SELL_00672,5000.0,-7.88,19.14,67.8,2.64,-0.227,15.25,0.5,14,577,41,0,2,350
SELL_00673,42980.47,2.3,15.23,78.23,3.75,0.092,5.79,2.35,36,3219,208,0,1,11819
SELL_00674,83725.15,4.43,14.71,79.4,3.33,-0.032,13.05,2.3,33,3417,168,0,1,23024
SELL_00675,5000.0,-8.06,19.55,74.3,3.16,-0.174,10.12,0.98,23,1813,72,0,2,350
SELL_00676,71578.61,-2.03,15.67,82.54,3.13,0.088,10.55,1.61,50,4628,163,0,1,19684
SELL_00677,12616.25,-3.7075051169904834,20.24084533947266,60.87664120336553,2.9045122471255675,-0.127,14.16,1.1928722482929879,45,3322,170,1,2,0
SELL_00678,96912.66,23.01,8.36,89.37,4.22,0.129,5.28,3.15,2,2003,113,0,0,53301
SELL_00679,98336.58,16.2,9.11,82.29,3.8,-0.037,9.36,2.72,41,5000,226,0,0,49168
SELL_00680,77959.63,17.19,13.31,91.34,4.24,0.343,9.08,3.34,21,3584,180,0,0,42877
SELL_00681,49528.44,22.27,13.01,90.74,3.83,0.037,4.64,3.58,2,880,94,0,0,27240
SELL_00682,5000.0,-5.33,14.46,69.54,2.74,-0.222,14.37,0.97,27,1834,72,0,2,500
SELL_00683,43225.24,13.58,13.42,79.21,3.02,-0.163,13.68,1.53,57,5000,216,0,1,11886
SELL_00684,43892.26,12.38,13.09,89.05,3.73,0.241,7.39,3.18,9,1351,82,0,0,24140
SELL_00685,5000.0,-9.0,16.97,77.81,3.36,-0.233,11.42,1.52,1,50,5,0,2,500
SELL_00686,58747.7,14.66725035879562,14.455650488708594,76.33040883909055,3.3666236901269397,0.234,3.6,3.1584444117073858,11,2094,61,1,1,5331
SELL_00687,29149.14,12.86,13.76,75.8,3.24,-0.063,11.75,2.34,3,453,7,0,1,8016
SELL_00688,60444.94,2.88,14.78,82.83,3.86,-0.226,4.65,1.94,52,4886,192,0,1,16622
SELL_00689,111737.87,19.65,10.06,85.52,4.16,0.035,9.12,2.73,23,3643,180,0,0,55868
SELL_00690,84838.03,8.555730158758976,16.803887686690754,82.82559588297015,3.547484516157396,0.048,4.9,1.8301426858823087,26,3465,194,1,1,6999
SELL_00691,24367.99,6.9,16.04,81.63,3.53,-0.061,12.87,1.38,4,625,5,0,2,2436
SELL_00692,103058.69,19.68,13.12,85.69,4.33,0.118,6.88,3.35,18,3450,162,0,0,56682
SELL_00693,5000.0,4.89,14.71,76.63,3.47,-0.178,13.62,1.64,55,4538,228,0,1,1375
SELL_00694,47003.49,13.77,11.4,88.97,3.69,-0.044,6.31,2.94,6,838,41,0,0,23501
SELL_00695,58333.51,12.03,8.67,83.53,3.53,0.073,5.51,2.52,35,3819,197,0,1,16041
SELL_00696,31547.79,-3.49,18.83,80.66,3.34,0.044,6.68,2.66,22,1867,168,0,2,2208
SELL_00697,65798.73,3.36,6.54,78.61,4.14,-0.18,10.16,2.03,43,4447,231,0,0,32899
SELL_00698,5000.0,-0.46,21.45,76.69,2.92,0.045,13.92,0.51,15,1075,33,0,2,350
SELL_00699,82857.57,19.07,10.44,87.32,3.99,-0.444,8.36,2.62,22,3519,140,0,0,41428
SELL_00700,69887.29,15.34,14.86,84.55,3.43,-0.011,10.44,2.0,60,5000,212,0,1,19219
SELL_00701,43743.2,5.950686051772226,19.577168403450614,75.10454277387592,2.949080444322756,0.007,11.76,0.7459861947363919,37,3706,168,1,2,0
SELL_00702,134065.48,21.62,9.61,86.67,4.23,0.035,5.84,3.64,52,5000,328,0,0,73736
SELL_00703,46393.7,5.383905978808207,21.918126395106736,68.94755730982192,2.9456834446568667,-0.403,11.53,0.7245381092926595,42,4124,149,1,2,0
SELL_00704,5000.0,-6.39,13.71,69.24,2.81,-0.184,11.33,0.59,12,931,5,0,2,500
SELL_00705,5000.0,-5.1,16.41,70.63,2.9,-0.161,12.55,1.3,47,3395,139,0,2,500
SELL_00706,87060.26,16.13,8.53,89.18,4.23,-0.1,13.4,2.88,49,5000,272,0,0,43530
SELL_00707,17384.18,8.1,17.99,67.29,3.22,-0.278,12.37,1.48,42,3244,136,0,2,1738
SELL_00708,127621.65,20.75,7.24,88.39,4.59,0.355,0.64,3.69,38,5000,231,0,0,70191
SELL_00709,5000.0,-8.05,20.69,72.94,3.04,-0.232,13.3,0.66,18,858,19,0,2,350
SELL_00710,127991.23,23.8,8.13,97.49,4.36,-0.023,2.86,3.02,45,5000,283,0,0,80954
SELL_00711,32541.07,-0.025608227529470895,17.400476519409587,68.97172160550558,3.4540308500229084,0.093,8.98,1.7283817635142398,35,3127,143,1,2,0
SELL_00712,62970.94,8.32,11.28,77.23,3.74,-0.151,7.53,1.74,30,3280,140,0,1,17317
SELL_00713,27762.23,5.46,15.27,84.36,3.16,-0.182,10.47,2.45,24,2189,91,0,1,7634
SELL_00714,54036.36,21.98,14.35,83.9,3.95,0.078,6.58,3.08,42,4101,197,0,0,29719
SELL_00715,24518.2,20.34,15.41,78.2,3.64,0.011,9.7,1.9,30,2706,123,0,1,6742
SELL_00716,86644.03,25.1,4.9,92.8,4.76,0.072,4.43,3.22,14,2645,153,0,0,47654
SELL_00717,48977.67,5.49,10.25,84.7,3.61,-0.062,9.75,2.2,6,1033,42,0,1,13468
SELL_00718,5000.0,8.4,12.11,85.85,3.87,-0.02,12.55,3.23,3,567,5,0,1,1375
SELL_00719,39208.76,8.62,13.39,76.45,3.62,-0.161,7.67,2.09,16,2001,86,0,1,10782
SELL_00720,23692.79,6.29,13.65,83.16,3.22,0.157,11.3,1.85,7,1104,73,0,1,6515
SELL_00721,92542.96,13.43,14.46,88.83,3.51,-0.198,3.87,2.43,52,5000,230,0,1,25449
SELL_00722,5000.0,-5.86,19.21,74.3,2.86,-0.241,13.12,0.5,14,677,5,0,2,350
SELL_00723,5000.0,2.1,17.86,77.59,3.25,-0.381,12.85,1.1,9,177,5,0,2,500
SELL_00724,33815.73,18.82,12.35,92.07,3.98,0.23,5.84,2.38,15,2013,111,0,0,16907
SELL_00725,66489.42,9.03,15.21,84.74,3.7,-0.016,5.24,1.59,21,2762,148,0,1,18284
SELL_00726,57680.71,12.97,6.04,78.64,3.52,-0.181,9.67,2.82,35,4178,159,0,1,15862
SELL_00727,36367.29,20.31,12.7,85.62,3.19,0.105,12.8,2.06,2,928,59,0,1,10001
SELL_00728,58374.65,4.62,10.1,79.66,3.55,-0.302,8.35,2.1,27,3202,127,0,1,16053
SELL_00729,5000.0,1.31,16.75,77.87,2.86,-0.023,12.36,0.9,2,64,6,0,2,500
SELL_00730,52286.82,1.31,14.72,79.68,3.05,0.079,13.75,1.38,35,3551,162,0,1,14378
SELL_00731,55618.23,12.83,12.88,70.31,3.55,0.05,13.89,2.24,18,2149,89,0,2,5561
SELL_00732,5000.0,-10.52,18.1,77.14,3.32,-0.193,9.47,1.72,14,1129,72,0,2,350
SELL_00733,72420.74,23.05,10.47,85.65,3.67,-0.137,6.48,2.11,20,2591,110,0,0,36210
SELL_00734,5000.0,-5.09,19.33,67.24,2.89,-0.042,12.95,0.56,18,891,25,0,2,350
SELL_00735,80665.95,22.06,13.74,89.48,4.05,0.263,7.91,2.67,10,1951,152,0,0,40332
SELL_00736,58669.61,15.81,13.46,85.6,3.96,-0.04,3.26,2.53,25,3144,138,0,0,29334
SELL_00737,32980.84,8.6,8.84,83.67,3.37,-0.062,10.35,1.49,2,781,51,0,1,9069
SELL_00738,106130.76,25.36,8.82,92.65,4.33,0.296,6.74,2.77,25,3774,184,0,0,53065
SELL_00739,151632.99,28.94,8.97,95.51,4.17,0.28,4.2,3.77,54,5000,318,0,0,83398
SELL_00740,107536.96,8.98,11.33,90.65,4.01,-0.146,7.61,2.52,33,4833,208,0,0,53768
SELL_00741,5000.0,-7.13,18.2,66.86,2.85,-0.25,15.64,1.07,36,2376,98,0,2,350
SELL_00742,13848.15,-3.21,15.19,74.25,3.27,-0.188,14.29,1.53,31,2150,70,0,2,1384
SELL_00743,5000.0,7.43,14.79,82.99,3.63,-0.038,10.52,2.13,14,1391,69,0,1,1375
SELL_00744,28403.92,25.84,10.15,81.3,3.71,0.004,9.75,2.23,1,382,16,0,1,7811
SELL_00745,89139.16,18.86,13.48,91.32,4.32,-0.015,7.96,2.72,46,5000,254,0,0,44569
SELL_00746,5000.0,15.16,20.41,80.32,3.05,-0.06,13.85,1.63,16,907,99,0,1,962
SELL_00747,47877.64,7.77,12.79,89.96,4.15,-0.045,9.01,3.0,54,5000,208,0,0,23938
SELL_00748,40670.74,0.26,14.35,73.2,3.64,0.421,12.03,2.15,46,4163,218,0,1,11184
SELL_00749,56689.36,4.46,18.05,77.71,2.89,-0.055,13.14,0.87,52,4815,203,0,2,3968
SELL_00750,5000.0,-0.45,19.7,73.32,2.83,-0.171,16.93,0.61,3,50,5,0,2,350
SELL_00751,10552.42,-2.7,15.0,78.89,3.41,0.166,10.18,1.06,35,2573,110,0,1,2901
SELL_00752,28656.8,-11.05,17.3,70.94,2.97,-0.367,15.99,1.34,41,2984,144,0,2,2865
SELL_00753,5000.0,0.58,15.19,69.71,2.82,-0.134,17.11,0.99,6,555,16,0,2,500
SELL_00754,111053.15,15.12,9.33,89.83,4.63,-0.016,4.89,3.15,25,3886,199,0,0,61079
SELL_00755,14991.88,7.85,16.87,74.84,3.17,-0.019,11.26,2.07,13,1037,25,0,1,4122
SELL_00756,178137.77,40.0,2.5,95.91,4.98,0.242,1.5,4.89,53,5000,388,0,0,100000
SELL_00757,89134.87,11.85,9.24,82.19,3.56,0.146,9.66,3.06,34,4266,202,0,0,49024
SELL_00758,46629.51,14.54,9.52,83.6,3.47,0.098,5.34,1.98,8,1253,71,0,1,12823
SELL_00759,8606.08,-1.73,17.2,72.54,2.99,0.014,10.73,0.5,21,1783,75,0,2,860
SELL_00760,91932.27,17.89,10.35,85.43,4.25,0.163,6.55,2.71,34,4411,186,0,0,45966
SELL_00761,19742.59,4.13,14.65,75.23,3.39,-0.103,9.96,1.14,4,483,16,0,1,5429
SELL_00762,38513.72,8.89,14.05,80.3,3.54,-0.195,8.37,1.47,25,2649,139,0,1,10591
SELL_00763,128055.34,39.87,2.54,98.78,4.87,0.459,1.66,4.8,15,4225,187,0,0,80995
SELL_00764,21236.06,1.58,10.95,84.03,3.41,0.2,11.25,1.7,4,463,26,0,1,5839
SELL_00765,121476.13,26.49,9.78,87.67,4.3,-0.003,7.22,2.87,45,5000,260,0,0,60738
SELL_00766,45762.71,6.49,10.63,81.65,3.54,0.026,14.17,1.52,60,5000,220,0,1,12584
SELL_00767,26158.88,-7.235958228262345,15.895498065172983,65.83768295765543,3.0993946243126542,-0.18,10.85,2.4368971853086396,12,954,84,1,2,0
SELL_00768,117555.01,23.28,13.44,86.55,4.53,0.243,2.43,3.63,32,4462,223,0,0,64655
SELL_00769,54546.21,-0.85,11.48,72.89,3.48,-0.014,10.34,2.09,32,2987,150,0,1,15000
SELL_00770,102070.56,25.4,5.74,88.57,4.77,0.154,3.7,3.67,28,4183,239,0,0,56138
SELL_00771,51071.71,16.51,5.36,80.99,4.04,0.099,7.85,2.18,13,2452,135,0,0,25535
SELL_00772,27880.76,-0.68,14.34,86.71,3.32,0.06,12.93,1.23,31,2869,139,0,1,7667
SELL_00773,56171.54,21.68,16.09,79.59,3.83,0.059,8.11,2.69,14,2309,122,0,1,15447
SELL_00774,47830.12,24.52,10.71,91.59,4.35,0.015,6.81,3.13,20,2481,140,0,0,26306
SELL_00775,88768.18,24.82,9.56,85.63,3.9,-0.109,7.7,2.92,18,2970,143,0,0,44384
SELL_00776,5000.0,-20.0,23.62,73.48,2.84,-0.247,14.95,1.07,29,2385,102,0,2,350
SELL_00777,42870.0,16.02,10.98,74.01,3.32,-0.263,9.93,1.95,60,4982,201,0,1,11789
SELL_00778,46401.6,9.34,15.02,81.82,3.49,-0.086,6.99,1.67,6,1193,53,0,1,12760
SELL_00779,71156.07,11.25,13.73,77.9,3.41,-0.079,10.95,2.8,32,3927,189,0,1,19567
SELL_00780,62735.47,15.49,9.96,89.42,4.25,0.195,8.01,3.58,29,3640,161,0,0,34504
SELL_00781,70411.64,5.01,14.76,87.09,3.54,0.032,11.64,2.08,43,4909,194,0,1,19363
SELL_00782,5000.0,-0.27,13.96,73.45,3.28,0.222,7.48,0.83,2,50,5,0,2,500
SELL_00783,107980.21,26.11,12.48,84.0,3.9,-0.256,7.96,1.82,60,5000,247,0,1,29694
SELL_00784,65003.28,17.06,12.01,87.39,3.62,0.12,8.25,2.68,23,3020,149,0,1,17875
SELL_00785,39613.87,3.225097202411029,13.64857776774348,80.5847860057747,3.2412390556959627,-0.001,4.79,2.425580899166264,19,2388,129,1,2,0
SELL_00786,64361.16,10.71,14.82,92.58,3.9,-0.014,6.59,2.79,31,3586,202,0,1,17699
SELL_00787,127225.47,11.967503517850535,11.88889147237461,79.60054378144608,3.8035836355050052,0.096,9.34,2.499949273421272,51,5000,277,1,1,10496
SELL_00788,26650.28,8.54,11.62,84.64,3.59,0.039,12.55,1.94,5,996,48,0,1,7328
SELL_00789,50799.03,14.19,10.41,79.67,3.8,0.153,11.15,2.58,19,2273,110,0,0,25399
SELL_00790,5000.0,3.18,17.8,75.28,2.96,-0.186,12.72,0.61,34,2645,110,0,2,500
SELL_00791,37990.63,16.15,18.09,83.95,3.45,-0.052,11.12,2.55,10,1445,74,0,1,7313
SELL_00792,53294.48,11.82,11.99,83.7,3.57,0.075,10.72,2.4,25,3103,148,0,1,14655
SELL_00793,58040.14,3.1874881809768265,18.16246080060331,75.98052233810465,3.0406445917914864,-0.002,7.52,0.9565551299587998,2,1373,50,1,2,0
SELL_00794,5000.0,-9.413071997780403,23.23213553121531,63.366554998488844,2.7706222340052724,-0.322,11.03,0.8151352349065537,11,743,7,1,2,0
SELL_00795,30426.76,-6.09,15.87,76.56,3.25,-0.167,11.53,1.0,50,3939,193,0,1,8367
SELL_00796,101927.31,25.14,9.04,85.97,3.87,0.161,4.75,3.08,31,4396,188,0,0,56060
SELL_00797,62013.95,-0.4133140553209129,16.884265116880105,76.77526390733588,3.2607918621879692,0.006,8.22,1.0796550545723589,56,5000,269,1,2,0
SELL_00798,79546.76,24.13,10.1,92.21,4.06,0.131,8.34,2.6,15,2233,111,0,0,39773
SELL_00799,37591.71,7.93,11.78,78.1,3.88,-0.076,10.96,2.43,9,1254,34,0,0,18795
SELL_00800,52070.84,15.83,15.23,78.53,3.7,0.051,8.34,1.8,23,2862,129,0,1,14319
SELL_00801,68159.74,10.07,10.15,84.49,3.89,0.131,9.83,2.51,19,2800,149,0,0,34079
SELL_00802,5000.0,1.5180616991383964,22.918617802376204,70.72526664808373,3.0863007881544338,-0.043,11.8,1.00285688315474,9,802,18,1,2,0
SELL_00803,76008.71,20.74,12.33,89.92,3.8,0.016,10.24,2.24,35,4250,192,0,0,38004
SELL_00804,72672.79,0.25,11.49,77.2,3.25,0.271,8.79,1.89,21,2677,112,0,1,19985
SELL_00805,12825.98,4.48,5.92,80.07,3.4,0.114,14.0,1.67,9,883,26,0,1,3527
SELL_00806,8130.02,7.94,9.5,77.13,3.45,0.007,11.19,2.18,28,2287,113,0,1,2235
SELL_00807,82166.09,16.19,7.75,90.13,4.02,-0.093,7.67,2.23,46,5000,219,0,0,41083
SELL_00808,64685.23,5.37,14.87,82.43,3.66,-0.101,9.15,2.1,51,5000,195,0,1,17788
SELL_00809,63626.12,18.13,7.17,86.24,3.84,0.393,5.86,2.77,7,1878,124,0,0,31813
SELL_00810,5000.0,2.61,11.47,68.22,2.89,-0.192,9.88,1.1,16,1015,61,0,1,1375
SELL_00811,13867.54,9.31,13.43,85.03,3.47,-0.047,11.79,2.3,16,1640,59,0,1,3813
SELL_00812,53786.27,-3.9241156090414053,14.640202849183101,66.36550265127654,2.8350487027902327,-0.086,8.32,0.8539258478702842,60,5000,231,1,2,0
SELL_00813,110842.0,20.17,9.28,94.05,4.51,0.229,5.87,3.0,33,4613,249,0,0,55421
SELL_00814,30000.35,18.34,13.49,84.35,3.74,-0.042,7.82,3.05,4,707,92,0,1,9075
SELL_00815,47258.55,19.26,10.76,80.85,4.35,0.15,7.66,3.11,4,1287,100,0,0,25992
SELL_00816,10726.62,-20.0,17.415660184815213,60.0,2.555401450287327,-0.24,14.69,0.5206607698188281,39,2792,121,1,2,0
SELL_00817,66186.33,20.75,12.41,82.19,3.69,0.229,7.35,1.49,40,4412,189,0,1,18201
SELL_00818,67447.14,14.91,10.35,84.63,3.75,0.004,7.25,3.38,17,2570,147,0,0,37095
SELL_00819,64054.95,12.26,9.38,82.96,3.91,0.157,5.86,3.39,37,4093,183,0,0,35230
SELL_00820,65834.37,22.06,4.22,90.0,4.18,0.04,9.85,3.6,39,4599,188,0,0,36208
SELL_00821,74765.83,-1.3,14.87,86.05,3.1,-0.19,13.05,2.22,60,5000,275,0,1,20560
SELL_00822,125998.36,23.84,10.98,92.34,4.44,0.064,2.66,3.26,52,5000,328,0,0,69299
SELL_00823,140064.8,40.0,2.0,100.0,4.75,0.019,1.57,4.23,29,5000,256,0,0,88590
SELL_00824,60923.77,14.68,11.99,77.92,3.56,0.022,9.78,2.11,52,4612,196,0,1,16754
SELL_00825,55829.71,5.49,14.62,83.99,3.55,-0.228,10.31,1.57,36,3642,140,0,1,15353
SELL_00826,123128.93,30.08,11.45,89.2,4.15,0.121,4.34,3.31,60,5000,281,0,0,67720
SELL_00827,141740.09,32.81,6.56,87.81,4.81,0.304,2.38,3.25,38,5000,285,0,0,77957
SELL_00828,36099.8,10.4,19.31,75.03,3.55,0.047,11.18,1.64,39,3401,156,0,1,6949
SELL_00829,68132.67,1.17,10.38,68.91,3.12,-0.265,14.18,2.08,50,4628,271,0,1,18736
SELL_00830,60341.46,18.61,8.82,83.73,3.56,0.013,10.0,1.26,37,3774,215,0,0,30170
SELL_00831,33250.61,-3.88,19.52,68.77,3.26,0.01,11.79,1.52,52,4076,161,0,2,2327
SELL_00832,30248.09,2.82,10.45,82.12,2.98,-0.206,11.07,0.72,35,3148,115,0,1,8318
SELL_00833,5000.0,-1.89,17.33,75.28,3.22,-0.043,9.55,1.38,7,172,29,0,1,1375
SELL_00834,5000.0,3.49,14.12,71.17,3.71,-0.264,9.34,1.73,27,2001,63,0,1,1375
SELL_00835,55578.77,5.32,11.14,77.32,3.46,0.054,11.79,2.34,28,3372,129,0,1,15284
SELL_00836,36184.3,10.33,11.12,84.17,3.82,0.048,4.41,2.34,22,2592,113,0,0,18092
SELL_00837,88524.05,25.93,4.92,83.78,4.32,0.285,5.46,3.06,14,3008,194,0,0,48688
SELL_00838,5000.0,7.61,15.21,78.37,3.33,-0.03,11.66,1.47,7,309,22,0,1,1375
SELL_00839,90860.53,22.7930718210231,15.19548075645336,67.03540829145423,3.5692521007743316,-0.085,6.95,3.5028914324673392,37,4694,210,1,1,8245
SELL_00840,51076.14,15.77,13.12,77.76,3.25,-0.005,11.58,1.92,22,2599,93,0,1,14045
SELL_00841,16783.0,13.66,11.57,82.5,3.73,0.212,9.35,1.83,5,439,70,0,1,4615
SELL_00842,123049.13,22.73255733099048,16.53192200553235,77.53884874505479,3.061003966636567,-0.247,6.75,1.8588776611630136,55,5000,264,1,2,0
SELL_00843,5000.0,-2.47,20.27,78.45,3.46,0.01,10.38,1.41,2,50,5,0,2,350
SELL_00844,36841.21,11.95,10.95,79.07,3.95,0.286,10.69,2.45,27,2941,137,0,0,18420
SELL_00845,33919.68,9.83,14.84,81.76,3.53,-0.203,11.11,2.11,21,2017,82,0,1,9327
SELL_00846,71707.53,15.16,8.45,89.33,4.27,-0.042,13.25,3.26,54,5000,240,0,0,39439
SELL_00847,77453.55,5.57,8.71,82.5,3.82,0.112,7.88,2.66,38,4441,181,0,0,38726
SELL_00848,106810.05,34.57,6.57,97.91,4.62,0.162,1.87,4.16,15,3227,181,0,0,67557
SELL_00849,5000.0,6.12,14.79,78.82,3.15,0.128,12.0,1.55,21,1563,83,0,1,1375
SELL_00850,8339.19,2.62,18.39,84.02,2.84,0.095,12.11,1.65,10,661,46,0,2,583
SELL_00851,37962.4,-5.63,18.14,76.4,3.49,-0.283,11.93,1.93,23,2094,84,0,2,2657
SELL_00852,66475.33,7.01,17.29,73.11,3.13,-0.178,12.65,2.16,58,5000,273,0,1,18280
SELL_00853,68041.98,-1.47,17.2,74.3,3.29,0.039,12.18,1.48,56,5000,252,0,2,6804
SELL_00854,108783.88,25.52,2.0,89.89,4.34,0.252,8.16,2.84,39,5000,230,0,0,54391
SELL_00855,56078.47,22.88,10.0,84.24,4.04,0.5,8.33,3.08,5,1808,113,0,0,30843
SELL_00856,5000.0,1.7984051550640858,19.395390231850584,66.8481665266574,2.873645899805564,-0.2,13.25,0.7729716552043173,1,54,5,1,2,0
SELL_00857,5000.0,-4.78,13.07,77.31,2.89,0.119,7.27,0.77,13,861,5,0,2,500
SELL_00858,51675.06,21.92,11.75,81.76,3.73,-0.081,8.65,3.11,21,2728,133,0,0,28421
SELL_00859,56511.24,-0.44322710445037394,17.757241487949095,70.36885077298247,3.1026075095706327,0.009,8.75,1.6834539071654078,26,2920,119,1,2,0
SELL_00860,66148.46,10.89,13.79,88.7,3.8,0.21,9.89,1.77,50,5000,215,0,0,33074
SELL_00861,63934.17,16.3,9.24,85.04,4.24,-0.425,3.54,2.6,45,4357,230,0,0,31967
SELL_00862,5000.0,-3.29,16.17,66.72,2.76,-0.045,16.26,0.72,21,1142,46,0,2,500
SELL_00863,122269.23,27.796938872430104,11.420221222950204,82.31657609676634,4.11344466248589,0.393,3.0,2.4427279530246127,53,5000,312,1,0,18340
SELL_00864,58269.45,21.96,13.09,93.41,4.36,0.38,2.59,2.67,18,2557,167,0,0,29134
SELL_00865,74700.5,-0.65,18.01,76.8,3.02,0.234,11.91,1.57,37,3941,184,0,1,14379
SELL_00866,39192.88,8.59,18.6,80.93,3.27,0.098,9.7,1.84,45,4353,200,0,1,7544
SELL_00867,79060.03,20.31,7.51,84.82,3.83,-0.046,11.99,1.98,32,4081,194,0,0,39530
SELL_00868,58060.55,27.52,8.36,83.64,4.09,0.226,10.75,3.21,36,3999,214,0,0,31933
SELL_00869,42518.08,35.91,13.72,81.93,4.32,-0.01,6.08,3.17,17,2340,96,0,0,23384
SELL_00870,98661.12,19.7,2.16,93.95,4.61,0.254,6.13,3.46,35,5000,231,0,0,54263
SELL_00871,56958.42,8.62,12.21,88.41,3.37,0.104,8.82,2.4,49,4890,230,0,1,15663
SELL_00872,42378.34,-3.73,20.37,75.64,3.51,-0.029,9.88,1.41,60,5000,228,0,2,2966
SELL_00873,5000.0,-4.27,15.44,77.91,2.73,0.037,14.51,1.38,11,253,12,0,2,500
SELL_00874,20138.22,18.02,10.72,77.77,3.37,0.286,13.93,1.02,21,2029,116,0,1,5538
SELL_00875,49549.03,5.29,13.44,78.6,3.51,-0.175,8.57,2.2,52,4972,228,0,1,13625
SELL_00876,126255.45,28.54,3.47,91.58,4.06,0.166,4.41,3.09,55,5000,297,0,0,69440
SELL_00877,73764.88,4.06,17.1,78.83,3.86,-0.015,10.61,1.56,53,5000,200,0,1,20285
SELL_00878,89770.56,8.26,10.2,85.96,3.67,-0.043,6.96,1.58,26,3383,197,0,0,44885
SELL_00879,31424.73,20.2,10.51,91.42,3.53,-0.013,12.53,1.65,4,1037,40,0,1,8641
SELL_00880,99406.32,13.24,8.93,89.35,4.45,0.259,4.08,2.77,34,4561,179,0,0,49703
SELL_00881,182585.65,36.85,3.67,92.24,5.0,0.4,1.28,3.82,52,5000,294,0,0,100000
SELL_00882,56547.0,7.11,14.94,72.2,3.68,-0.027,13.78,1.91,48,4374,185,0,1,15550
SELL_00883,73676.86,7.57,15.61,77.38,3.61,-0.037,10.68,1.13,60,5000,245,0,1,20261
SELL_00884,59385.28,17.43,9.08,83.75,4.18,0.092,10.38,3.2,18,2572,167,0,0,32661
SELL_00885,74857.83,26.88,8.0,88.32,3.93,0.293,7.08,3.16,40,4409,238,0,0,41171
SELL_00886,121427.33,16.17,8.93,95.34,4.52,0.471,9.52,3.39,35,4898,243,0,0,76802
SELL_00887,68986.57,18.74,9.31,84.92,4.0,0.223,8.86,2.67,41,4681,206,0,0,34493
SELL_00888,26048.37,9.31,12.29,82.47,3.29,-0.216,8.87,1.7,29,2575,140,0,1,7163
SELL_00889,70779.49,17.99,11.34,85.8,4.03,0.032,6.05,2.56,52,5000,217,0,0,35389
SELL_00890,81114.03,15.94,4.55,96.12,4.24,0.163,3.38,2.13,29,3815,239,0,0,40557
SELL_00891,81391.29,25.86,11.14,89.43,4.19,-0.043,4.24,2.48,38,4616,231,0,0,40695
SELL_00892,92523.38,23.61,11.65,88.63,4.05,0.073,6.41,3.25,42,4905,239,0,0,50887
SELL_00893,100861.73,16.38,13.01,82.61,3.75,0.131,4.98,3.1,21,3551,129,0,1,30510
SELL_00894,125187.12,16.43,7.52,84.33,4.54,0.303,0.66,3.18,42,5000,276,0,0,68852
SELL_00895,90346.31,15.23,11.65,92.21,4.47,0.091,7.15,2.6,13,2554,125,0,0,45173
SELL_00896,63864.75,17.74,12.19,79.7,4.01,0.252,9.04,2.99,49,5000,228,0,0,31932
SELL_00897,59111.5,9.9,13.24,78.5,3.74,-0.164,10.06,1.74,41,3774,186,0,1,16255
SELL_00898,43163.44,9.17,17.27,87.6,3.6,-0.105,6.72,1.79,17,2143,102,0,1,11869
SELL_00899,118273.84,36.05,8.96,86.66,4.51,0.088,9.07,2.84,56,5000,275,0,0,59136
SELL_00900,5000.0,-5.270717863747322,17.70610031716721,61.946016930036784,2.372058181165495,-0.091,11.31,1.0611712275039284,9,505,10,1,2,0
SELL_00901,95147.98,16.83,11.57,86.88,4.21,-0.318,6.14,2.59,41,4888,184,0,0,47573
SELL_00902,7208.16,4.05,12.89,87.93,3.5,0.022,10.65,2.22,1,50,5,0,1,1982
SELL_00903,25221.97,21.27,13.81,78.94,3.7,0.26,9.45,2.68,2,620,29,0,1,6936
SELL_00904,89024.69,10.74,12.08,94.57,4.35,0.251,0.82,3.0,60,5000,286,0,0,44512
SELL_00905,71177.34,11.23,12.8,79.41,3.47,-0.009,8.99,2.26,48,4806,212,0,1,19573
SELL_00906,76649.8,10.710901590266939,16.338992725307556,74.09415732185629,3.3330394035492796,-0.157,9.08,1.4419415122651387,29,3618,173,1,2,0
SELL_00907,21337.23,-3.15,19.83,73.56,2.71,-0.435,12.31,0.5,33,2890,128,0,2,1493
SELL_00908,19572.48,7.12,13.44,83.35,4.11,-0.157,4.53,2.37,10,1370,73,0,1,5382
SELL_00909,94141.98,18.93,9.98,89.37,3.85,0.058,5.11,2.64,50,5000,279,0,0,47070
SELL_00910,169809.86,24.07,6.97,88.82,4.37,0.5,5.06,3.9,58,5000,299,0,0,93395
SELL_00911,84545.93,13.79,15.79,80.93,3.66,-0.444,11.35,1.96,60,5000,318,0,1,23250
SELL_00912,83065.0,11.43,12.64,87.61,4.09,0.131,7.36,2.46,40,4558,231,0,1,22842
SELL_00913,72769.73,10.14,8.0,86.66,3.48,-0.072,9.69,1.99,21,2896,109,0,1,20011
SELL_00914,105617.12,32.18,9.89,93.43,4.75,0.139,3.83,4.48,28,4387,214,0,0,58089
SELL_00915,33233.06,2.88,14.53,87.77,3.68,-0.152,7.67,2.23,11,1282,35,0,1,9139
SELL_00916,93646.48,5.66,13.38,82.8,3.94,-0.172,8.74,2.25,55,5000,262,0,1,25752
SELL_00917,85824.65,11.69,8.25,79.55,3.83,0.092,5.49,2.84,34,4380,185,0,0,42912
SELL_00918,37353.46,23.64,13.12,83.66,3.53,0.062,12.78,1.95,8,1181,48,0,1,10272
SELL_00919,54624.71,1.14,16.17,78.82,3.7,0.047,7.18,1.91,59,5000,236,0,1,15021
SELL_00920,40885.29,6.709898995800141,13.02452620647657,60.43211216885574,3.592828307823391,-0.229,9.09,1.9269097970643823,22,2373,111,1,2,0
SELL_00921,48022.15,24.05,8.46,83.94,3.87,0.26,7.11,3.23,8,1462,76,0,0,26412
SELL_00922,5491.48,-13.70676532100079,24.537664136724267,60.927699185380646,2.4533843655965777,0.011,12.08,0.5,49,3557,163,1,2,0
SELL_00923,51742.19,6.02,11.13,79.54,3.58,0.08,12.0,3.48,15,1871,59,0,1,14229
SELL_00924,20398.22,4.5,14.3,76.39,3.62,-0.147,5.28,2.17,17,1455,91,0,1,5609
SELL_00925,136288.57,25.73,6.88,87.92,4.03,0.19,7.2,3.96,60,5000,294,0,0,74958
SELL_00926,7900.92,-1.1105997328317407,25.0,60.0,2.8341883240577177,-0.207,12.24,0.5611194636392006,23,1792,30,1,2,0
SELL_00927,32828.22,0.55,16.13,73.63,3.38,0.078,11.83,1.82,24,2256,124,0,1,9027
SELL_00928,63227.96,11.92,11.7,85.77,3.48,-0.01,8.78,2.42,45,4752,234,0,0,31613
SELL_00929,98195.28,40.0,7.21,91.86,4.18,0.204,5.3,3.23,19,3511,188,0,0,54007
SELL_00930,20789.09,-2.24,10.12,82.19,3.65,-0.269,6.94,2.45,5,273,70,0,2,2078
SELL_00931,17417.75,-7.56,13.82,85.78,3.86,-0.021,8.73,1.52,32,2425,184,0,1,4789
SELL_00932,123752.99,20.94,9.11,93.94,4.23,0.113,11.02,3.97,44,5000,277,0,0,68064
SELL_00933,5000.0,-4.369812839980963,22.59090121078041,62.09696325332379,1.3844016598976523,-0.097,15.1,0.5,1,50,5,1,2,0
SELL_00934,5000.0,-11.97,20.81,68.38,2.3,-0.146,17.34,0.5,23,1422,40,0,2,350
SELL_00935,58927.18,11.83,10.23,85.04,4.17,-0.039,7.01,3.24,37,3940,178,0,0,32409
SELL_00936,5000.0,-1.56,18.9,81.45,2.87,-0.056,9.45,1.56,8,165,17,0,2,350
SELL_00937,5000.0,5.59,14.24,75.69,3.48,-0.096,13.02,1.74,13,602,43,0,1,1375
SELL_00938,88497.95,9.89,12.43,78.48,4.16,0.14,3.38,2.64,8,2004,111,0,1,24336
SELL_00939,101774.38,11.55,15.47,81.72,3.94,0.148,7.08,1.98,57,5000,246,0,1,27987
SELL_00940,43452.44,0.11,14.17,78.62,3.2,0.031,10.18,2.33,23,2251,131,0,1,11949
SELL_00941,24623.53,-20.0,20.655096945501718,67.34709726089757,2.507136524462159,-0.211,14.27,0.9770846907564801,43,3763,126,1,2,0
SELL_00942,50321.79,6.544088489430168,16.37539296428099,75.7211803552342,3.3964830559830816,0.344,7.82,2.3994422002703995,1,1390,62,1,2,0
SELL_00943,65437.33,16.12,6.23,79.36,4.13,0.191,6.4,3.07,45,5000,245,0,0,35990
SELL_00944,61979.13,-2.3271590232157084,16.42173699925874,70.4119314226674,3.73370986369436,0.199,9.56,0.9001166672027827,51,4796,220,1,2,0
SELL_00945,85376.76,25.43,3.36,96.54,4.39,0.274,4.03,3.89,24,3852,155,0,0,54000
SELL_00946,28068.33,-0.61,19.93,74.01,2.87,-0.068,14.44,1.3,35,2804,150,0,2,1964
SELL_00947,7610.09,-4.62,17.84,82.38,2.56,-0.201,14.05,1.06,24,1642,49,0,2,761
SELL_00948,49303.44,-1.39,15.73,86.44,2.85,-0.15,15.04,2.13,17,1730,88,0,2,4930
SELL_00949,18829.67,1.91,11.48,81.44,3.55,0.141,8.88,2.71,5,914,16,0,1,5178
SELL_00950,19076.14,11.18,8.46,84.21,3.65,0.069,11.18,1.81,20,1801,92,0,1,5245
SELL_00951,41159.24,-0.73,17.02,86.03,3.5,-0.049,10.06,1.18,21,1835,125,0,1,11318
SELL_00952,78149.23,13.44,11.61,83.75,3.72,-0.111,7.04,2.56,40,4884,212,0,1,21491
SELL_00953,43894.17,10.0,25.0,71.27,2.95,0.083,17.77,1.18,58,5000,200,0,2,3072
SELL_00954,105806.18,24.61,6.18,94.22,4.46,0.19,7.98,2.99,31,4286,220,0,0,52903
SELL_00955,60443.99,-6.263794608916312,15.302320627638936,73.3762855454908,2.339623080971641,-0.194,10.54,0.9567586869820961,46,4529,186,1,2,0
SELL_00956,88701.48,22.45,7.49,85.47,3.98,0.146,8.12,2.77,36,4430,221,0,0,44350
SELL_00957,41389.6,17.72,11.34,85.17,3.91,0.011,6.06,3.05,11,1604,90,0,0,22764
SELL_00958,95617.32,11.66,15.69,84.1,3.74,0.019,6.1,2.35,52,5000,246,0,1,26294
SELL_00959,21866.93,11.86,13.71,83.88,3.93,0.155,9.97,2.08,15,1828,91,0,1,6013
SELL_00960,52683.39,8.95,8.22,81.54,3.6,0.024,8.39,2.47,19,2495,125,0,1,14487
SELL_00961,61886.57,13.46,14.34,86.34,3.71,0.031,7.55,2.66,7,1682,82,0,1,17018
SELL_00962,141589.75,21.72,10.13,88.91,4.5,0.364,4.97,2.97,51,5000,275,0,0,70794
SELL_00963,44937.98,5.049994838132594,16.706731393466708,75.6488574346639,2.8411337146083997,-0.237,9.42,2.1794017534495174,28,2587,124,1,2,0
SELL_00964,116005.64,29.42,8.63,89.53,4.26,0.077,6.56,3.33,51,5000,262,0,0,63803
SELL_00965,84606.97,11.86,11.66,82.39,3.69,0.129,5.29,2.0,43,4486,186,0,1,23266
SELL_00966,118472.19,16.19,8.12,91.64,4.75,0.267,7.85,2.93,58,5000,293,0,0,59236
SELL_00967,5000.0,13.078739406272454,18.08659820121359,61.96443738931999,2.541457911092885,0.072,10.81,0.9621100993951353,5,124,24,1,2,0
SELL_00968,97792.39,30.79,11.17,97.5,4.07,0.5,8.78,3.7,5,2149,162,0,0,53785
SELL_00969,47516.77,14.77,11.02,78.36,4.06,0.25,5.28,1.43,30,3210,139,0,0,23758
SELL_00970,52092.96,-1.22,12.89,66.97,2.88,-0.345,9.47,1.16,54,4490,226,0,2,5209
SELL_00971,60346.73,13.44,9.44,78.48,3.66,-0.226,8.4,2.14,32,3433,215,0,1,16595
SELL_00972,23544.69,1.68,11.9,82.05,3.47,-0.033,12.75,1.68,8,1265,10,0,1,6474
SELL_00973,49754.73,22.64,10.55,88.88,3.46,-0.102,5.33,2.61,10,1955,103,0,0,24877
SELL_00974,31718.03,1.5,15.03,83.33,3.76,-0.367,7.88,1.47,38,3277,208,0,1,8722
SELL_00975,60952.07,10.41,14.87,74.03,3.25,-0.006,11.34,1.72,47,4516,197,0,1,16761
SELL_00976,6969.89,-0.95,20.33,79.94,2.7,-0.142,13.51,0.5,32,2279,83,0,2,487
SELL_00977,46872.17,9.763037503662094,19.26986609145457,72.02288317251092,3.174526262583862,0.202,11.26,1.0108559204234413,48,4539,162,1,2,0
SELL_00978,5000.0,-10.499567536085527,25.0,60.0,1.862269143450877,-0.176,14.81,0.5,28,1602,31,1,2,0
SELL_00979,16716.89,-9.98,22.23,81.28,3.07,0.098,13.85,1.13,17,1156,48,0,2,1170
SELL_00980,113930.16,29.22,14.21,81.32,3.6,0.145,10.49,3.21,31,4121,245,0,0,62661
SELL_00981,57108.89,21.13,11.44,85.12,4.08,-0.076,4.7,2.52,8,1394,88,0,0,28554
SELL_00982,60419.24,16.26,13.59,83.73,4.09,0.174,10.21,2.58,40,4198,165,0,0,30209
SELL_00983,21251.48,3.85,10.93,77.97,3.45,0.084,7.99,1.02,25,1902,56,0,1,5844
SELL_00984,41996.47,8.77,11.87,78.55,3.13,0.053,11.16,2.16,9,1452,63,0,1,11549
SELL_00985,37938.59,7.07,12.72,86.14,3.14,0.217,12.68,2.13,2,767,67,0,1,10433
SELL_00986,5000.0,-10.781093545169458,18.05919920014706,71.11630926733864,2.3827165481699764,-0.157,11.3,0.6312036321761003,15,772,59,1,2,0
SELL_00987,126689.11,34.09,4.74,91.1,4.09,0.262,6.97,3.35,50,5000,301,0,0,69679
SELL_00988,61971.26,18.6,12.17,92.56,3.46,0.079,6.72,3.1,3,1349,109,0,1,18746
SELL_00989,54570.36,10.65,17.19,80.4,3.55,0.33,10.95,1.37,49,5000,199,0,1,15006
SELL_00990,50404.92,11.1,12.78,81.06,3.75,0.129,4.53,1.73,36,3721,175,0,1,13861
SELL_00991,34437.55,7.38,13.13,91.24,4.31,-0.142,8.34,2.77,4,586,41,0,1,9470
SELL_00992,5000.0,-20.0,19.31,70.93,2.79,0.033,15.13,0.53,14,946,5,0,2,350
SELL_00993,50981.25,13.18,11.97,76.57,4.03,-0.14,11.95,2.11,41,3843,158,0,0,25490
SELL_00994,5952.3,6.82,17.42,74.51,3.39,-0.08,12.75,2.02,41,2969,158,0,1,1636
SELL_00995,5000.0,0.17,12.47,76.07,3.31,-0.05,11.31,1.67,25,2203,89,0,1,1375
SELL_00996,84697.43,3.44,9.1,70.72,3.63,0.049,10.34,2.68,58,5000,241,0,1,23291
SELL_00997,125685.72,39.59,2.9,90.25,5.0,0.288,1.11,4.22,55,5000,317,0,0,69127
SELL_00998,106152.6,16.39,13.23,85.44,3.87,-0.093,10.96,2.92,50,5000,265,0,0,53076
SELL_00999,7961.27,5.32,15.41,77.9,3.16,0.005,12.33,1.63,10,706,78,0,1,2189
SELL_01000,83201.35,12.52,11.92,80.41,4.06,0.234,3.86,2.66,21,2985,169,0,0,41600
